#! FIELDS time alphaphi alphapsi
 0.000000 3.154674 1.838088
 1.000000 5.705039 1.157941
 2.000000 5.849504 0.409001
 3.000000 5.971035 0.313740
 4.000000 6.333512 0.335868
 5.000000 6.760620 0.456573
 6.000000 7.589710 1.163716
 7.000000 7.329358 1.745424
 8.000000 7.590539 1.323479
 9.000000 7.047371 0.922728
 10.000000 6.275042 1.369244
 11.000000 7.042277 2.917577
 12.000000 6.681977 2.847633
 13.000000 6.484402 2.953297
 14.000000 6.406231 3.441656
 15.000000 6.165061 2.332351
 16.000000 7.162173 1.874363
 17.000000 6.618109 1.498431
 18.000000 8.271307 2.042352
 19.000000 7.730667 2.255302
 20.000000 7.830342 1.739917
 21.000000 8.713042 1.438731
 22.000000 8.012803 1.507784
 23.000000 8.533636 0.743451
 24.000000 8.730398 1.217732
 25.000000 8.699351 1.164565
 26.000000 7.633400 0.550779
 27.000000 7.088877 0.868694
 28.000000 7.309222 1.263932
 29.000000 8.233661 1.223393
 30.000000 8.139280 1.200570
 31.000000 7.022198 1.337246
 32.000000 7.632293 1.867942
 33.000000 7.670458 1.974820
 34.000000 8.517354 2.700894
 35.000000 8.612657 2.647942
 36.000000 8.181016 4.007743
 37.000000 7.573295 4.552670
 38.000000 7.589955 4.251954
 39.000000 6.877395 3.775270
 40.000000 7.664621 4.279713
 41.000000 8.038553 4.798441
 42.000000 5.893542 2.892246
 43.000000 5.770861 3.014085
 44.000000 5.706947 4.078758
 45.000000 5.370470 3.565725
 46.000000 7.507288 3.936527
 47.000000 7.125560 3.664112
 48.000000 6.271807 3.251983
 49.000000 6.618296 3.063883
 50.000000 7.518193 4.427664
 51.000000 8.603884 3.941384
 52.000000 8.719010 4.226698
 53.000000 8.291288 4.215975
 54.000000 7.380687 4.610744
 55.000000 8.001950 4.931691
 56.000000 7.367283 5.154692
 57.000000 6.227776 4.267931
 58.000000 5.646875 4.795448
 59.000000 7.820867 6.341848
 60.000000 7.954744 5.443167
 61.000000 7.408449 5.649131
 62.000000 7.504304 5.460509
 63.000000 6.920387 5.001717
 64.000000 6.897363 4.680312
 65.000000 7.024214 4.193131
 66.000000 7.334549 6.103130
 67.000000 6.689782 4.514882
 68.000000 6.598935 5.102330
 69.000000 5.816503 5.129875
 70.000000 6.986040 5.955672
 71.000000 8.046270 6.410210
 72.000000 8.049037 6.731465
 73.000000 7.520477 7.213830
 74.000000 8.233632 6.963493
 75.000000 8.064487 7.179153
 76.000000 8.190060 7.087226
 77.000000 7.057504 6.971182
 78.000000 7.270056 7.520405
 79.000000 7.186779 6.676779
 80.000000 6.956085 6.367313
 81.000000 6.378240 5.814328
 82.000000 6.342559 6.395810
 83.000000 7.953166 7.319499
 84.000000 8.290150 7.367716
 85.000000 7.732770 6.796657
 86.000000 7.656396 6.070144
 87.000000 8.074870 6.024066
 88.000000 8.112779 6.110158
 89.000000 7.880518 6.331191
 90.000000 6.275154 6.102366
 91.000000 7.043989 5.585945
 92.000000 7.603857 5.414958
 93.000000 6.341183 5.106157
 94.000000 7.649005 5.167066
 95.000000 7.482651 5.835647
 96.000000 7.709645 5.549787
 97.000000 8.055871 5.268931
 98.000000 6.072933 4.990096
 99.000000 5.851927 5.695630
 100.000000 6.301954 6.293908
 101.000000 5.800641 5.839866
 102.000000 5.371888 5.739675
 103.000000 5.966251 6.349608
 104.000000 6.881590 6.289748
 105.000000 6.690402 6.177614
 106.000000 6.663081 6.887764
 107.000000 6.751689 7.010605
 108.000000 6.967029 7.251118
 109.000000 7.011235 7.185692
 110.000000 7.427465 8.171639
 111.000000 7.543252 8.502832
 112.000000 7.674317 8.078625
 113.000000 7.383392 7.513685
 114.000000 7.727411 7.912641
 115.000000 8.116570 7.822119
 116.000000 7.550986 8.614512
 117.000000 8.024197 8.538816
 118.000000 5.967619 7.358268
 119.000000 6.048499 7.268723
 120.000000 6.954108 7.145620
 121.000000 6.893102 8.477780
 122.000000 6.670301 7.711588
 123.000000 6.744049 7.820532
 124.000000 7.087018 7.749440
 125.000000 6.679380 7.956932
 126.000000 6.098950 7.420336
 127.000000 6.448172 7.660285
 128.000000 7.076341 7.580587
 129.000000 6.446574 7.632942
 130.000000 5.592389 7.024428
 131.000000 6.423416 7.907724
 132.000000 5.196825 5.983197
 133.000000 6.164507 6.823958
 134.000000 7.925326 8.341786
 135.000000 8.024882 8.716888
 136.000000 7.584957 8.599392
 137.000000 7.814597 8.731493
 138.000000 8.064336 7.494697
 139.000000 7.864101 7.503866
 140.000000 6.694756 6.627265
 141.000000 6.620016 7.248380
 142.000000 6.524484 7.181944
 143.000000 7.454849 7.867130
 144.000000 6.128775 6.540941
 145.000000 6.179331 6.262649
 146.000000 7.632228 6.806516
 147.000000 7.218032 7.598883
 148.000000 6.783873 7.886481
 149.000000 7.733504 7.790780
 150.000000 6.749998 7.926226
 151.000000 7.405417 8.631073
 152.000000 7.093785 8.660913
 153.000000 7.361442 8.769056
 154.000000 6.832182 8.447308
 155.000000 7.291180 8.652932
 156.000000 7.086648 8.697376
 157.000000 6.749630 8.321905
 158.000000 6.586543 8.560552
 159.000000 6.692543 8.473870
 160.000000 6.724738 7.101068
 161.000000 5.735017 6.044149
 162.000000 6.869784 7.189981
 163.000000 6.806491 6.685417
 164.000000 6.966238 7.053124
 165.000000 7.335380 7.114955
 166.000000 7.838245 8.061005
 167.000000 7.801537 8.158536
 168.000000 7.061059 7.459133
 169.000000 7.034840 7.090171
 170.000000 7.217109 7.262042
 171.000000 7.521303 7.142863
 172.000000 7.667490 7.059080
 173.000000 8.444913 6.749678
 174.000000 8.422442 6.336738
 175.000000 8.434095 7.078709
 176.000000 8.674169 7.295435
 177.000000 8.767716 6.744428
 178.000000 8.691977 6.927154
 179.000000 8.430298 7.370428
 180.000000 8.482810 7.465677
 181.000000 8.420234 7.361328
 182.000000 8.414042 7.387141
 183.000000 8.702141 7.714981
 184.000000 8.171398 7.507417
 185.000000 8.680778 8.622456
 186.000000 8.807342 8.662588
 187.000000 8.457762 7.869884
 188.000000 8.722052 8.403375
 189.000000 8.663410 8.705157
 190.000000 8.549211 8.766294
 191.000000 8.793345 8.756472
 192.000000 8.681668 8.353520
 193.000000 8.450823 8.190551
 194.000000 8.221575 8.017558
 195.000000 8.345479 7.975657
 196.000000 8.329149 8.058802
 197.000000 8.045926 7.730566
 198.000000 7.849812 7.573691
 199.000000 7.552135 7.211871
 200.000000 8.232602 7.269181
 201.000000 8.389147 7.858574
 202.000000 8.796488 7.983288
 203.000000 8.844729 8.105478
 204.000000 8.881717 7.964052
 205.000000 8.738189 7.697652
 206.000000 8.883131 7.918627
 207.000000 8.894737 7.823956
 208.000000 8.859823 7.761739
 209.000000 8.854258 6.816232
 210.000000 8.777408 6.756357
 211.000000 8.489315 5.624969
 212.000000 8.368613 6.360166
 213.000000 8.591191 6.741327
 214.000000 8.693026 6.796522
 215.000000 8.821474 6.902645
 216.000000 8.931996 6.918768
 217.000000 8.260723 6.549654
 218.000000 8.088653 5.830449
 219.000000 8.005250 5.594074
 220.000000 8.582744 5.708541
 221.000000 8.687468 5.528522
 222.000000 8.215457 5.252288
 223.000000 8.248649 5.517627
 224.000000 8.245770 4.931161
 225.000000 8.649723 5.367701
 226.000000 8.177074 4.779382
 227.000000 8.713336 4.835794
 228.000000 8.666491 5.053400
 229.000000 8.248747 5.433635
 230.000000 8.703920 5.627372
 231.000000 8.254605 4.648093
 232.000000 7.882604 4.802835
 233.000000 7.653034 4.365368
 234.000000 7.761741 4.595386
 235.000000 7.844577 4.418350
 236.000000 8.650506 5.029160
 237.000000 8.103793 4.846529
 238.000000 8.156660 5.512845
 239.000000 8.115425 5.397396
 240.000000 6.674706 4.365056
 241.000000 8.216044 5.375610
 242.000000 8.867667 5.555295
 243.000000 8.793013 5.527935
 244.000000 8.664011 4.845869
 245.000000 8.733802 4.859851
 246.000000 8.718935 4.838630
 247.000000 8.226523 4.902284
 248.000000 7.831358 3.895878
 249.000000 7.638306 3.748430
 250.000000 7.872881 3.567693
 251.000000 8.498931 3.517070
 252.000000 8.614455 4.108599
 253.000000 7.286627 3.942282
 254.000000 6.684659 3.976168
 255.000000 6.740156 3.721400
 256.000000 7.835779 3.999390
 257.000000 7.860537 4.274126
 258.000000 8.135400 3.952263
 259.000000 8.309968 4.063167
 260.000000 8.093879 4.044665
 261.000000 8.326346 3.425635
 262.000000 7.984041 3.478524
 263.000000 8.326096 3.097153
 264.000000 7.046799 2.701948
 265.000000 7.466422 3.021128
 266.000000 6.395745 2.817616
 267.000000 6.668369 2.861710
 268.000000 6.500431 2.508008
 269.000000 5.626024 2.584582
 270.000000 4.895678 2.541445
 271.000000 5.060658 2.356516
 272.000000 6.039999 2.785800
 273.000000 6.070150 1.963682
 274.000000 6.414897 2.086430
 275.000000 6.132767 1.558032
 276.000000 6.643843 1.449138
 277.000000 5.253033 1.026543
 278.000000 6.686802 1.280324
 279.000000 6.900884 1.556734
 280.000000 6.935593 1.273747
 281.000000 6.154394 1.629944
 282.000000 7.028747 1.443007
 283.000000 6.481444 1.568701
 284.000000 7.044084 1.519998
 285.000000 7.104500 1.700287
 286.000000 7.782340 1.170017
 287.000000 7.838817 1.737713
 288.000000 6.902544 1.953905
 289.000000 8.303151 2.017198
 290.000000 8.045997 1.658396
 291.000000 6.861553 2.325433
 292.000000 7.630449 2.216780
 293.000000 8.245474 2.330816
 294.000000 8.214122 1.855802
 295.000000 8.193099 2.278390
 296.000000 8.381685 2.025199
 297.000000 8.607846 2.141420
 298.000000 8.755392 2.233442
 299.000000 8.468543 1.955653
 300.000000 7.604217 1.153154
 301.000000 8.496423 2.341556
 302.000000 8.497058 2.583845
 303.000000 8.802951 2.276334
 304.000000 8.041954 1.819895
 305.000000 7.555652 1.676973
 306.000000 8.250569 1.561445
 307.000000 7.856521 1.697541
 308.000000 8.441038 1.191601
 309.000000 8.384104 1.174545
 310.000000 7.874442 1.110701
 311.000000 7.261089 1.286473
 312.000000 8.586783 1.298274
 313.000000 8.582281 2.242226
 314.000000 7.818017 1.916301
 315.000000 7.590859 1.587138
 316.000000 7.863137 1.692032
 317.000000 8.237377 1.763651
 318.000000 8.649650 1.538972
 319.000000 7.417097 1.584476
 320.000000 7.203239 2.002690
 321.000000 8.236521 2.159338
 322.000000 7.419193 1.807797
 323.000000 8.103494 2.403790
 324.000000 8.699625 3.118575
 325.000000 8.779012 2.741340
 326.000000 8.562563 3.240059
 327.000000 7.984155 2.899037
 328.000000 7.370952 2.913703
 329.000000 7.941042 3.039382
 330.000000 7.994024 3.232856
 331.000000 7.834977 3.410411
 332.000000 8.665196 3.939359
 333.000000 8.691673 3.560312
 334.000000 8.758510 3.062853
 335.000000 8.116328 3.064453
 336.000000 8.234612 3.545220
 337.000000 7.986928 3.329666
 338.000000 6.999152 3.087751
 339.000000 7.165959 3.153931
 340.000000 7.521530 3.195912
 341.000000 6.138697 2.483014
 342.000000 6.608638 2.422262
 343.000000 6.252537 2.082844
 344.000000 7.184921 2.250073
 345.000000 7.216895 2.408477
 346.000000 6.793544 1.839218
 347.000000 7.261291 2.591464
 348.000000 7.104759 2.994995
 349.000000 7.108432 2.601212
 350.000000 7.680287 2.703611
 351.000000 6.533721 2.645707
 352.000000 7.069536 2.042923
 353.000000 5.848074 1.540218
 354.000000 7.456438 2.248702
 355.000000 7.272276 2.164091
 356.000000 7.625318 2.490974
 357.000000 7.620506 2.511292
 358.000000 6.834079 2.212992
 359.000000 7.168560 2.197436
 360.000000 6.665835 2.358594
 361.000000 6.387539 3.259467
 362.000000 5.465273 2.387256
 363.000000 7.598498 3.024734
 364.000000 6.253569 3.473301
 365.000000 6.199186 3.155651
 366.000000 5.405174 2.317310
 367.000000 5.234140 1.999640
 368.000000 5.137489 1.976009
 369.000000 5.610509 1.876771
 370.000000 4.962159 1.880397
 371.000000 5.579620 3.047477
 372.000000 4.707255 2.430894
 373.000000 7.528419 3.271755
 374.000000 7.413916 3.019899
 375.000000 7.294673 3.421991
 376.000000 7.894627 2.788706
 377.000000 7.317704 2.680540
 378.000000 8.445045 3.237464
 379.000000 8.582149 3.773815
 380.000000 8.869389 4.044736
 381.000000 8.829694 4.030651
 382.000000 8.334562 3.327795
 383.000000 6.690595 3.960408
 384.000000 8.191298 3.876954
 385.000000 7.872725 3.510669
 386.000000 6.084275 3.370944
 387.000000 7.115320 3.839643
 388.000000 7.049127 4.354583
 389.000000 6.928561 4.041635
 390.000000 7.746429 3.797530
 391.000000 7.803504 4.022611
 392.000000 7.432053 3.826289
 393.000000 7.440539 4.047561
 394.000000 7.148545 3.723755
 395.000000 8.201751 3.848316
 396.000000 7.496835 3.550411
 397.000000 8.130163 4.212524
 398.000000 8.802563 4.692857
 399.000000 8.177327 4.700909
 400.000000 8.261556 4.917922
 401.000000 8.390323 4.488576
 402.000000 7.604248 4.516968
 403.000000 8.238850 4.800284
 404.000000 7.946127 4.691575
 405.000000 7.069727 4.924856
 406.000000 7.779544 4.783123
 407.000000 7.061067 3.391418
 408.000000 7.882100 3.622477
 409.000000 7.690920 3.682106
 410.000000 8.401615 3.676963
 411.000000 8.737976 3.921304
 412.000000 6.608212 3.171309
 413.000000 8.744430 2.945389
 414.000000 8.784091 3.944314
 415.000000 8.889837 3.808804
 416.000000 8.136816 3.036135
 417.000000 7.839272 2.872791
 418.000000 8.703584 3.149243
 419.000000 8.783758 2.909156
 420.000000 8.332322 3.038092
 421.000000 8.711497 2.347543
 422.000000 7.525377 1.978507
 423.000000 7.541606 1.895678
 424.000000 6.952244 1.570906
 425.000000 6.612343 1.931248
 426.000000 7.518593 2.368143
 427.000000 7.165701 2.304464
 428.000000 7.871936 2.589155
 429.000000 8.757467 2.935878
 430.000000 8.461777 3.285127
 431.000000 8.430104 2.822454
 432.000000 6.904881 3.345152
 433.000000 7.531691 3.051714
 434.000000 8.565720 2.854526
 435.000000 8.032127 2.697544
 436.000000 8.261574 3.285158
 437.000000 7.411703 2.547579
 438.000000 6.516468 1.929212
 439.000000 6.721163 1.735118
 440.000000 5.776712 0.823212
 441.000000 5.655578 1.320253
 442.000000 5.277444 1.223392
 443.000000 4.497824 1.516448
 444.000000 6.710938 1.425545
 445.000000 7.666263 1.173061
 446.000000 7.153728 1.529979
 447.000000 6.858326 1.205303
 448.000000 7.147430 1.236856
 449.000000 6.737186 1.561334
 450.000000 6.807265 1.089860
 451.000000 6.906771 1.830290
 452.000000 6.587245 1.066713
 453.000000 7.219895 1.473178
 454.000000 6.487726 1.112720
 455.000000 6.647903 0.932725
 456.000000 7.906094 1.524462
 457.000000 8.216218 0.901191
 458.000000 8.629307 1.404182
 459.000000 8.911075 1.308225
 460.000000 8.292726 1.244620
 461.000000 8.397342 1.116133
 462.000000 8.908315 0.988836
 463.000000 8.540715 0.752344
 464.000000 8.416972 0.779671
 465.000000 8.443460 0.897923
 466.000000 8.294462 0.486600
 467.000000 8.645919 1.150179
 468.000000 8.738530 1.026939
 469.000000 8.823913 0.830671
 470.000000 8.944940 0.842753
 471.000000 7.528279 0.505140
 472.000000 8.020941 0.175586
 473.000000 7.714692 0.236949
 474.000000 8.100592 0.329070
 475.000000 6.708932 0.492335
 476.000000 6.924008 0.465417
 477.000000 6.393063 0.389836
 478.000000 6.881793 0.340600
 479.000000 7.217395 0.171517
 480.000000 5.935004 0.583414
 481.000000 6.170080 0.281969
 482.000000 4.264582 0.379939
 483.000000 5.586376 0.118276
 484.000000 8.168719 0.977120
 485.000000 7.891768 1.893511
 486.000000 7.901176 0.853087
 487.000000 7.136369 0.325394
 488.000000 6.535948 0.339007
 489.000000 6.769868 0.335260
 490.000000 5.716641 0.748630
 491.000000 6.358575 0.231010
 492.000000 5.341288 1.037271
 493.000000 5.686663 0.681896
 494.000000 5.230597 0.630538
 495.000000 5.107568 0.447445
 496.000000 5.414802 1.485952
 497.000000 5.865536 1.497244
 498.000000 6.145307 1.332025
 499.000000 5.899406 0.991334
 500.000000 5.572194 1.027552
 501.000000 4.725087 1.431049
 502.000000 4.974337 1.587824
 503.000000 5.393647 1.152116
 504.000000 5.871341 1.034303
 505.000000 4.879747 0.886328
 506.000000 5.916832 1.476652
 507.000000 5.451781 1.559887
 508.000000 5.597654 0.968891
 509.000000 6.099591 1.081059
 510.000000 6.310217 1.521071
 511.000000 6.475488 1.251145
 512.000000 6.307344 1.383855
 513.000000 6.781909 1.479140
 514.000000 6.110437 1.570428
 515.000000 6.470585 1.503043
 516.000000 7.937839 0.953770
 517.000000 7.138776 0.848462
 518.000000 6.918386 1.027084
 519.000000 7.568774 1.245233
 520.000000 6.133509 0.744858
 521.000000 6.563519 0.540067
 522.000000 7.586797 1.329629
 523.000000 5.659164 0.293165
 524.000000 5.714932 0.563974
 525.000000 5.951621 0.473676
 526.000000 6.398268 0.167868
 527.000000 6.520181 0.334810
 528.000000 6.796864 0.183945
 529.000000 6.984649 0.181211
 530.000000 7.782967 0.165778
 531.000000 8.055637 0.152623
 532.000000 8.257812 0.116991
 533.000000 8.683033 0.345953
 534.000000 7.407300 0.570209
 535.000000 7.511619 0.218135
 536.000000 8.370737 0.229303
 537.000000 8.515264 0.168708
 538.000000 7.628103 0.378982
 539.000000 7.100240 0.327602
 540.000000 6.863960 0.515736
 541.000000 7.181909 1.023469
 542.000000 8.728258 0.643647
 543.000000 8.744735 0.935564
 544.000000 8.265327 1.427864
 545.000000 7.824417 0.840617
 546.000000 8.496638 0.621967
 547.000000 7.855411 0.352301
 548.000000 7.394269 0.620264
 549.000000 8.544786 0.312853
 550.000000 8.731150 0.605303
 551.000000 8.485498 0.326854
 552.000000 8.337578 0.612891
 553.000000 8.470225 0.243149
 554.000000 7.923812 0.621806
 555.000000 7.828794 0.300722
 556.000000 7.581228 0.430459
 557.000000 7.954164 0.606748
 558.000000 8.086149 0.745491
 559.000000 8.259998 0.878588
 560.000000 8.920009 0.619218
 561.000000 8.650885 0.519525
 562.000000 8.576169 0.695706
 563.000000 8.621430 0.365959
 564.000000 8.651378 0.844417
 565.000000 8.640925 0.889065
 566.000000 8.133949 0.624400
 567.000000 8.547133 1.509559
 568.000000 8.552791 0.117102
 569.000000 6.953177 0.311673
 570.000000 7.440278 0.651337
 571.000000 8.117905 0.900616
 572.000000 7.300831 0.564204
 573.000000 7.285410 1.064886
 574.000000 8.145815 1.461239
 575.000000 7.773140 1.275967
 576.000000 7.547163 1.082989
 577.000000 7.431854 1.700957
 578.000000 7.656048 1.047608
 579.000000 7.741931 1.947015
 580.000000 7.570186 2.324217
 581.000000 6.055386 2.107792
 582.000000 6.124348 2.099804
 583.000000 6.140740 1.649320
 584.000000 6.162200 1.992619
 585.000000 6.645146 1.675923
 586.000000 7.047178 2.225271
 587.000000 7.348818 2.941379
 588.000000 8.908950 4.138087
 589.000000 8.025036 3.224983
 590.000000 8.887929 3.751896
 591.000000 8.735396 3.758683
 592.000000 8.575400 4.142389
 593.000000 8.589703 3.172874
 594.000000 8.308060 2.316724
 595.000000 8.381266 2.398803
 596.000000 7.302739 2.628137
 597.000000 8.186162 3.427897
 598.000000 8.202073 3.689805
 599.000000 7.607803 3.364116
 600.000000 7.030958 3.504402
 601.000000 7.531171 3.685314
 602.000000 7.654681 3.688986
 603.000000 7.758784 3.206111
 604.000000 7.483521 3.504452
 605.000000 6.670863 3.324185
 606.000000 6.748984 3.885839
 607.000000 7.076251 3.437189
 608.000000 7.401068 3.362623
 609.000000 7.654237 4.112921
 610.000000 8.665750 4.102391
 611.000000 8.802981 3.943692
 612.000000 8.880235 3.754829
 613.000000 8.753535 4.558758
 614.000000 8.859121 4.736768
 615.000000 8.861462 4.743213
 616.000000 8.687554 4.796461
 617.000000 8.884529 4.546932
 618.000000 8.576329 4.220199
 619.000000 8.801289 4.487400
 620.000000 7.989502 4.566533
 621.000000 8.123901 4.383709
 622.000000 7.068834 3.143570
 623.000000 7.521369 3.254654
 624.000000 7.130945 4.170089
 625.000000 7.753738 3.345154
 626.000000 5.681445 3.409179
 627.000000 6.519562 2.809639
 628.000000 6.445635 2.901304
 629.000000 6.420910 3.430768
 630.000000 6.102668 1.698731
 631.000000 5.496610 1.792700
 632.000000 5.767910 1.905508
 633.000000 5.713747 2.168105
 634.000000 5.542800 2.120135
 635.000000 4.943037 1.761752
 636.000000 4.646777 2.134129
 637.000000 4.631089 2.656998
 638.000000 6.051838 1.599163
 639.000000 5.756202 2.451726
 640.000000 5.593327 1.940162
 641.000000 5.829255 1.904862
 642.000000 4.931862 1.899783
 643.000000 6.541865 3.302505
 644.000000 5.514517 3.066020
 645.000000 6.121501 2.876013
 646.000000 5.632636 4.059563
 647.000000 6.572307 2.180158
 648.000000 5.338301 1.504125
 649.000000 5.444307 1.992050
 650.000000 4.998849 1.023032
 651.000000 5.024100 1.224667
 652.000000 5.698173 0.690030
 653.000000 6.787039 1.632920
 654.000000 7.506831 1.776767
 655.000000 7.238802 1.663344
 656.000000 7.356780 1.337970
 657.000000 7.264103 2.337368
 658.000000 7.012056 2.047549
 659.000000 6.895451 2.490155
 660.000000 7.083978 2.680531
 661.000000 8.232365 2.656978
 662.000000 6.636162 1.313290
 663.000000 7.554987 1.781328
 664.000000 7.084566 1.660693
 665.000000 7.698218 2.519516
 666.000000 7.160556 2.254185
 667.000000 6.948799 2.232671
 668.000000 7.636288 1.987464
 669.000000 7.681108 2.332264
 670.000000 8.063230 1.943865
 671.000000 8.554953 2.158541
 672.000000 7.753360 1.758863
 673.000000 7.746002 1.862173
 674.000000 7.629650 1.886997
 675.000000 7.728669 1.781135
 676.000000 7.355377 1.867394
 677.000000 6.579467 1.729615
 678.000000 7.039744 2.609789
 679.000000 6.479015 2.532820
 680.000000 7.605292 2.969593
 681.000000 7.655101 2.533702
 682.000000 7.799799 2.712068
 683.000000 6.460687 1.882014
 684.000000 6.175684 2.174416
 685.000000 4.936746 2.523324
 686.000000 5.461002 1.678225
 687.000000 6.287378 1.586341
 688.000000 6.687664 2.601714
 689.000000 7.574891 3.111849
 690.000000 6.030977 3.140154
 691.000000 6.956900 2.432219
 692.000000 7.093731 2.448391
 693.000000 7.148395 2.525440
 694.000000 7.091349 1.531255
 695.000000 6.484473 1.737453
 696.000000 6.461438 1.839603
 697.000000 6.865636 1.624926
 698.000000 6.306578 1.644949
 699.000000 5.960351 1.573104
 700.000000 5.424163 1.888831
 701.000000 5.695488 1.794009
 702.000000 6.224413 3.142823
 703.000000 6.540930 3.370961
 704.000000 6.775563 3.246276
 705.000000 6.637316 3.849297
 706.000000 6.360364 3.095770
 707.000000 7.301786 3.764223
 708.000000 6.448647 3.586576
 709.000000 7.136531 3.025706
 710.000000 6.382674 3.610311
 711.000000 6.595562 3.529969
 712.000000 6.801725 3.274423
 713.000000 6.827928 3.737100
 714.000000 6.139346 3.216393
 715.000000 6.410594 3.408549
 716.000000 6.077124 3.706255
 717.000000 6.298192 4.304938
 718.000000 7.089289 3.252109
 719.000000 6.735782 2.954711
 720.000000 6.924885 2.785579
 721.000000 5.665051 3.150995
 722.000000 6.856081 3.214877
 723.000000 6.556503 2.777589
 724.000000 6.438471 2.387872
 725.000000 6.090891 2.549388
 726.000000 5.011225 3.191010
 727.000000 5.332920 2.680394
 728.000000 5.547256 2.617350
 729.000000 5.705742 2.698493
 730.000000 6.643653 2.966702
 731.000000 5.875151 2.756541
 732.000000 7.310395 1.837112
 733.000000 6.708973 1.394383
 734.000000 6.169445 1.658665
 735.000000 6.439703 1.922630
 736.000000 7.277048 1.918423
 737.000000 7.054324 1.823110
 738.000000 6.599632 2.017106
 739.000000 6.596028 1.757274
 740.000000 6.139611 1.877937
 741.000000 6.367222 1.699422
 742.000000 6.897363 2.323928
 743.000000 6.414199 2.676008
 744.000000 6.301136 3.083780
 745.000000 6.046633 4.202378
 746.000000 6.240090 4.438074
 747.000000 6.038473 3.943953
 748.000000 5.164225 3.686132
 749.000000 5.405291 4.104767
 750.000000 5.113203 4.240742
 751.000000 5.159321 2.893657
 752.000000 7.499534 3.323870
 753.000000 6.425028 2.650815
 754.000000 6.182842 2.690129
 755.000000 5.618720 2.761047
 756.000000 4.320505 2.593298
 757.000000 4.735819 2.869127
 758.000000 4.721290 3.286167
 759.000000 4.337322 2.920147
 760.000000 6.518947 2.722426
 761.000000 5.694478 3.170393
 762.000000 7.059477 2.759471
 763.000000 6.370335 2.781896
 764.000000 5.483378 2.716489
 765.000000 4.540840 3.682004
 766.000000 4.551719 3.067336
 767.000000 5.438929 4.448258
 768.000000 6.365114 4.224642
 769.000000 6.144253 4.487030
 770.000000 5.861143 3.147227
 771.000000 6.062078 3.659695
 772.000000 5.005123 3.325870
 773.000000 6.337556 3.567264
 774.000000 7.356549 4.135716
 775.000000 7.021839 4.742681
 776.000000 6.820642 4.489224
 777.000000 7.863610 4.746805
 778.000000 7.076382 5.406354
 779.000000 7.837433 5.561570
 780.000000 7.716092 5.995496
 781.000000 6.256281 5.660884
 782.000000 6.217910 5.864714
 783.000000 6.412032 5.330402
 784.000000 6.647946 5.395850
 785.000000 5.024327 4.339351
 786.000000 5.447939 4.885815
 787.000000 5.972795 5.408255
 788.000000 5.205773 4.659754
 789.000000 6.251849 5.291222
 790.000000 5.168559 4.362632
 791.000000 5.899406 4.629785
 792.000000 4.878677 3.843492
 793.000000 5.138956 4.282090
 794.000000 6.568218 4.284301
 795.000000 7.139110 5.095913
 796.000000 6.521413 4.826471
 797.000000 5.625398 5.730332
 798.000000 5.636071 5.731780
 799.000000 5.974486 5.173289
 800.000000 6.175835 5.555880
 801.000000 6.658895 5.650398
 802.000000 6.466039 6.104206
 803.000000 4.833158 5.645567
 804.000000 7.350399 6.274110
 805.000000 7.549895 6.409181
 806.000000 6.870019 6.209072
 807.000000 7.239158 6.359280
 808.000000 6.800003 6.209510
 809.000000 6.854089 5.481429
 810.000000 7.629439 6.434998
 811.000000 7.951045 6.881380
 812.000000 7.633615 6.938975
 813.000000 8.125365 7.204065
 814.000000 7.451757 6.691291
 815.000000 7.843041 6.511207
 816.000000 7.846789 6.126188
 817.000000 8.123324 6.209523
 818.000000 7.836682 6.590560
 819.000000 7.073409 5.489528
 820.000000 7.362929 5.881439
 821.000000 7.963436 6.429223
 822.000000 7.964208 6.341710
 823.000000 7.865140 6.115877
 824.000000 7.842387 6.669795
 825.000000 7.806132 6.875604
 826.000000 8.054317 6.722075
 827.000000 8.212667 7.145788
 828.000000 8.130905 7.411764
 829.000000 8.268597 6.890470
 830.000000 8.163699 7.485258
 831.000000 7.266158 7.403725
 832.000000 7.313378 5.444962
 833.000000 7.815010 6.044496
 834.000000 7.220503 6.559601
 835.000000 7.053197 6.614469
 836.000000 7.261191 6.241265
 837.000000 7.496338 6.854372
 838.000000 7.151362 6.433779
 839.000000 6.916565 6.372285
 840.000000 7.164139 7.061381
 841.000000 7.886304 7.282249
 842.000000 7.263247 7.315989
 843.000000 7.927721 6.558042
 844.000000 8.004313 6.427196
 845.000000 7.947571 6.525174
 846.000000 7.615869 6.458042
 847.000000 7.581583 6.428850
 848.000000 6.995259 5.818650
 849.000000 8.270190 6.409276
 850.000000 8.219731 6.704578
 851.000000 7.254347 5.967742
 852.000000 8.040174 5.856645
 853.000000 8.174778 6.768722
 854.000000 8.261465 6.375195
 855.000000 7.627178 6.496008
 856.000000 7.895492 6.597459
 857.000000 7.580433 6.447766
 858.000000 7.605763 6.484946
 859.000000 7.705229 6.633414
 860.000000 8.097032 6.588312
 861.000000 7.691132 6.646131
 862.000000 8.017576 6.707157
 863.000000 7.714912 5.911377
 864.000000 6.819376 6.146612
 865.000000 5.226851 5.104031
 866.000000 7.168595 5.972681
 867.000000 6.671823 5.062454
 868.000000 6.324303 5.760127
 869.000000 6.424000 5.416434
 870.000000 6.865774 5.586118
 871.000000 6.805066 5.095345
 872.000000 6.869012 5.534391
 873.000000 7.387969 6.150231
 874.000000 7.061707 6.492434
 875.000000 6.561411 5.881467
 876.000000 7.072368 5.596200
 877.000000 6.712521 6.517569
 878.000000 6.569842 6.256347
 879.000000 6.591426 6.186467
 880.000000 5.835064 6.155702
 881.000000 5.207717 6.308430
 882.000000 5.013427 5.470631
 883.000000 5.167543 6.031265
 884.000000 5.342332 5.601610
 885.000000 4.832280 5.304483
 886.000000 5.097691 6.620845
 887.000000 5.186308 6.520339
 888.000000 5.589277 6.164580
 889.000000 4.892051 5.831849
 890.000000 5.395619 5.994552
 891.000000 6.015830 6.520981
 892.000000 4.392177 6.313780
 893.000000 5.147095 6.411488
 894.000000 5.810447 5.054144
 895.000000 6.340030 4.944051
 896.000000 6.467171 4.520540
 897.000000 6.532737 4.909532
 898.000000 6.624431 4.627946
 899.000000 6.497626 4.976881
 900.000000 6.489958 5.012686
 901.000000 6.102034 4.561683
 902.000000 6.309153 4.666857
 903.000000 5.660606 4.302516
 904.000000 5.894966 4.654781
 905.000000 6.190204 4.394726
 906.000000 5.787786 4.240456
 907.000000 6.378261 4.369617
 908.000000 6.851719 4.644680
 909.000000 6.485911 4.616787
 910.000000 6.613895 4.335661
 911.000000 5.322275 3.485063
 912.000000 4.461092 4.477704
 913.000000 3.816286 3.847631
 914.000000 4.617893 4.600114
 915.000000 3.964248 3.292095
 916.000000 4.461368 4.488102
 917.000000 5.180433 3.997362
 918.000000 5.223628 4.056206
 919.000000 4.845435 4.984717
 920.000000 4.983415 4.043480
 921.000000 5.441146 4.572732
 922.000000 5.130929 3.992552
 923.000000 5.674309 4.646896
 924.000000 5.604574 5.180205
 925.000000 5.277383 4.809595
 926.000000 4.749927 4.600052
 927.000000 6.082411 5.105823
 928.000000 5.038237 4.355745
 929.000000 4.902808 4.115416
 930.000000 5.141583 4.083624
 931.000000 5.720049 4.579415
 932.000000 4.180571 4.809369
 933.000000 4.438577 5.021975
 934.000000 4.889759 4.408678
 935.000000 5.698682 5.219600
 936.000000 5.113241 5.304798
 937.000000 4.497662 4.957238
 938.000000 5.342898 5.053471
 939.000000 4.803897 5.127778
 940.000000 4.776595 4.647598
 941.000000 4.127195 4.394953
 942.000000 4.480278 4.745682
 943.000000 3.564610 4.762051
 944.000000 3.426249 3.610970
 945.000000 4.455796 3.844913
 946.000000 5.555513 3.760244
 947.000000 5.456364 3.621174
 948.000000 5.005010 4.120475
 949.000000 5.376173 4.150907
 950.000000 3.785573 4.206316
 951.000000 4.729134 4.096296
 952.000000 4.962536 4.570608
 953.000000 3.965186 3.605137
 954.000000 4.481077 3.319337
 955.000000 4.518227 3.439153
 956.000000 5.196189 3.991573
 957.000000 5.726859 4.246150
 958.000000 5.763895 3.526948
 959.000000 6.421990 4.076677
 960.000000 6.068864 4.644365
 961.000000 6.321368 4.551687
 962.000000 6.456939 4.449812
 963.000000 5.611114 4.264350
 964.000000 5.996374 4.182105
 965.000000 6.359701 4.401550
 966.000000 6.392958 4.380775
 967.000000 5.607237 4.329791
 968.000000 6.284717 4.364914
 969.000000 5.845834 3.477679
 970.000000 4.832199 3.188273
 971.000000 4.894425 3.272799
 972.000000 5.275721 3.997330
 973.000000 4.831479 3.245625
 974.000000 5.341006 2.932724
 975.000000 4.968585 3.757782
 976.000000 4.886536 4.057614
 977.000000 4.117882 2.649410
 978.000000 4.328777 2.083570
 979.000000 4.155367 2.208632
 980.000000 3.915824 2.440246
 981.000000 4.905600 2.272343
 982.000000 5.259209 3.104367
 983.000000 5.367855 2.904028
 984.000000 4.963653 2.525318
 985.000000 5.194551 2.732205
 986.000000 4.656838 2.649928
 987.000000 5.007230 2.435308
 988.000000 4.598465 3.035114
 989.000000 4.540362 2.784196
 990.000000 4.467184 3.162090
 991.000000 5.405150 2.866438
 992.000000 5.829277 2.435981
 993.000000 4.712980 3.071148
 994.000000 5.221008 2.615329
 995.000000 4.798408 2.765089
 996.000000 5.307149 2.618655
 997.000000 4.599999 3.054565
 998.000000 5.479290 2.703298
 999.000000 5.662248 2.952846
 1000.000000 4.983919 2.825813
 1001.000000 5.419995 2.881044
 1002.000000 5.724400 2.605023
 1003.000000 5.950062 2.741520
 1004.000000 6.027037 3.005667
 1005.000000 5.556616 2.743989
 1006.000000 5.306247 3.262899
 1007.000000 5.768399 2.971241
 1008.000000 4.622710 3.321370
 1009.000000 5.967535 3.787966
 1010.000000 6.546195 3.775003
 1011.000000 6.413775 3.640061
 1012.000000 6.251478 3.677890
 1013.000000 4.986558 3.565210
 1014.000000 5.820459 3.434129
 1015.000000 5.944199 3.611785
 1016.000000 6.518389 2.888976
 1017.000000 5.673895 3.313333
 1018.000000 6.296603 3.530271
 1019.000000 5.750291 3.445969
 1020.000000 6.380972 3.939184
 1021.000000 5.482823 3.977614
 1022.000000 5.764904 4.142469
 1023.000000 6.053427 3.560260
 1024.000000 4.879535 2.721484
 1025.000000 5.778286 3.428277
 1026.000000 4.490498 3.050635
 1027.000000 5.311355 3.307394
 1028.000000 5.407061 4.013709
 1029.000000 5.256646 3.158440
 1030.000000 5.694004 3.345070
 1031.000000 5.194399 3.488986
 1032.000000 4.664440 3.209345
 1033.000000 4.997315 3.421383
 1034.000000 5.030978 3.689626
 1035.000000 4.603100 2.841689
 1036.000000 4.770024 2.930774
 1037.000000 4.921182 4.102283
 1038.000000 4.934456 3.966417
 1039.000000 4.633123 4.250764
 1040.000000 4.501539 3.260715
 1041.000000 5.812307 3.532223
 1042.000000 5.858355 2.783089
 1043.000000 5.764721 3.486174
 1044.000000 6.483774 3.643808
 1045.000000 6.453263 3.086629
 1046.000000 6.288487 3.549387
 1047.000000 5.757668 2.832186
 1048.000000 5.299608 2.758972
 1049.000000 4.684422 3.466446
 1050.000000 4.973699 2.899082
 1051.000000 4.740108 3.411402
 1052.000000 4.958584 3.490239
 1053.000000 5.492848 3.321548
 1054.000000 5.457286 3.179218
 1055.000000 4.355512 3.083944
 1056.000000 5.270987 3.380093
 1057.000000 5.534580 3.426142
 1058.000000 6.152577 3.202085
 1059.000000 6.312455 3.399553
 1060.000000 5.855152 3.390148
 1061.000000 5.791018 3.442104
 1062.000000 6.913272 3.291209
 1063.000000 6.753441 3.583078
 1064.000000 6.743771 3.220456
 1065.000000 6.301717 2.881402
 1066.000000 6.426595 4.260377
 1067.000000 5.207572 4.453587
 1068.000000 5.755679 4.182245
 1069.000000 5.961487 4.355341
 1070.000000 5.940551 4.286308
 1071.000000 4.849437 4.368731
 1072.000000 5.660830 5.087784
 1073.000000 5.538363 4.422929
 1074.000000 4.700255 4.703253
 1075.000000 3.927935 4.684795
 1076.000000 4.161189 4.741858
 1077.000000 4.095773 5.039419
 1078.000000 4.942721 5.506011
 1079.000000 4.990043 4.155753
 1080.000000 5.677917 3.881778
 1081.000000 5.520873 3.931207
 1082.000000 5.197115 4.303320
 1083.000000 4.819403 3.882029
 1084.000000 6.469313 4.077154
 1085.000000 5.527740 3.962418
 1086.000000 6.152777 3.816863
 1087.000000 4.988852 4.085153
 1088.000000 4.781695 3.883509
 1089.000000 4.778736 3.933939
 1090.000000 6.199202 4.789339
 1091.000000 5.677303 4.643399
 1092.000000 5.431856 4.739004
 1093.000000 5.158885 5.366257
 1094.000000 6.017329 4.911785
 1095.000000 6.235259 5.020541
 1096.000000 5.969244 5.377044
 1097.000000 6.364739 4.495697
 1098.000000 6.167452 4.780960
 1099.000000 6.586367 4.687637
 1100.000000 6.458379 4.886809
 1101.000000 6.521869 5.214050
 1102.000000 6.401016 4.913954
 1103.000000 6.207038 4.814446
 1104.000000 6.493137 4.875360
 1105.000000 6.218646 5.155900
 1106.000000 6.053425 4.536126
 1107.000000 5.896512 4.586055
 1108.000000 6.561952 3.871497
 1109.000000 6.395855 3.947484
 1110.000000 6.485859 3.904236
 1111.000000 5.996343 4.061832
 1112.000000 5.923048 3.855117
 1113.000000 6.039150 3.926448
 1114.000000 6.271797 4.378300
 1115.000000 5.249480 3.999826
 1116.000000 5.406574 4.180383
 1117.000000 4.456974 3.614118
 1118.000000 4.305893 2.776610
 1119.000000 4.755018 4.308069
 1120.000000 5.728572 3.841693
 1121.000000 5.358186 3.863324
 1122.000000 5.681604 3.552960
 1123.000000 5.652436 3.804344
 1124.000000 5.458344 3.846542
 1125.000000 4.251913 4.852132
 1126.000000 4.158871 5.088229
 1127.000000 4.974553 5.104746
 1128.000000 3.911061 3.983987
 1129.000000 4.179358 4.475111
 1130.000000 4.042976 4.453657
 1131.000000 4.339844 5.009582
 1132.000000 4.005171 5.100437
 1133.000000 4.115428 4.228258
 1134.000000 4.619412 4.890443
 1135.000000 4.445965 3.741476
 1136.000000 4.926275 4.487007
 1137.000000 4.289207 3.915136
 1138.000000 4.271324 4.199554
 1139.000000 4.515344 3.577514
 1140.000000 4.160713 3.833237
 1141.000000 5.213490 5.299459
 1142.000000 4.975239 5.191407
 1143.000000 4.980588 5.282464
 1144.000000 5.381516 4.811028
 1145.000000 5.691361 4.888988
 1146.000000 5.308051 4.609735
 1147.000000 5.480775 5.387961
 1148.000000 5.267348 4.523211
 1149.000000 5.591348 4.525558
 1150.000000 5.897832 5.061630
 1151.000000 5.851943 5.334753
 1152.000000 4.980290 4.971192
 1153.000000 5.139729 4.673157
 1154.000000 5.073265 4.784996
 1155.000000 4.715341 5.299082
 1156.000000 5.452166 5.046178
 1157.000000 3.827127 5.467443
 1158.000000 4.731990 3.945547
 1159.000000 5.060014 3.875402
 1160.000000 4.831962 4.128903
 1161.000000 3.456222 3.816543
 1162.000000 5.169366 4.089572
 1163.000000 3.717797 4.273364
 1164.000000 3.717364 3.940038
 1165.000000 4.692309 3.792693
 1166.000000 4.919459 5.248850
 1167.000000 4.773521 5.155143
 1168.000000 5.289913 4.788870
 1169.000000 5.305658 4.603713
 1170.000000 4.772130 5.214767
 1171.000000 5.827326 5.208004
 1172.000000 5.144522 5.156065
 1173.000000 5.434348 5.130753
 1174.000000 5.538135 4.783470
 1175.000000 5.559701 4.756553
 1176.000000 5.240352 5.224883
 1177.000000 5.786994 5.449695
 1178.000000 5.783964 4.839936
 1179.000000 6.141821 4.616121
 1180.000000 5.165579 4.727894
 1181.000000 4.996917 4.669836
 1182.000000 5.168343 4.763841
 1183.000000 5.817547 4.770594
 1184.000000 5.202382 4.927998
 1185.000000 5.239467 5.106029
 1186.000000 5.109246 4.872766
 1187.000000 5.403133 3.947836
 1188.000000 5.035471 4.650495
 1189.000000 5.802202 5.404563
 1190.000000 5.216588 5.074074
 1191.000000 4.762934 4.094833
 1192.000000 5.458508 4.892335
 1193.000000 4.976410 4.723303
 1194.000000 5.539294 4.816423
 1195.000000 5.364339 4.929961
 1196.000000 4.576671 4.110820
 1197.000000 4.403739 4.118710
 1198.000000 5.783519 4.080216
 1199.000000 5.467255 3.714299
 1200.000000 5.381164 3.680964
 1201.000000 5.344351 3.673462
 1202.000000 6.257904 3.672414
 1203.000000 4.928360 3.958064
 1204.000000 6.419777 3.854982
 1205.000000 4.627473 4.430074
 1206.000000 5.005968 4.021286
 1207.000000 4.902200 3.283969
 1208.000000 5.596401 4.246211
 1209.000000 5.210858 4.339950
 1210.000000 4.893514 3.915453
 1211.000000 5.724960 4.015573
 1212.000000 5.596432 4.399690
 1213.000000 5.803234 4.065303
 1214.000000 6.120294 5.158639
 1215.000000 6.225299 3.806465
 1216.000000 5.686402 3.811551
 1217.000000 6.552250 3.984149
 1218.000000 5.902700 4.237009
 1219.000000 6.599583 4.368356
 1220.000000 6.806544 3.789561
 1221.000000 5.690703 3.540725
 1222.000000 6.650862 4.285964
 1223.000000 5.897614 4.013206
 1224.000000 5.940567 4.025800
 1225.000000 4.568995 3.764109
 1226.000000 5.008716 3.759743
 1227.000000 5.238715 4.240532
 1228.000000 5.047767 3.982770
 1229.000000 5.391015 4.231468
 1230.000000 4.397871 2.993054
 1231.000000 5.905543 4.277027
 1232.000000 6.065745 4.008164
 1233.000000 5.630866 3.624974
 1234.000000 6.003180 3.881134
 1235.000000 5.973144 3.912086
 1236.000000 6.585400 3.539529
 1237.000000 4.765092 3.939259
 1238.000000 5.140686 4.824343
 1239.000000 4.472462 3.811722
 1240.000000 3.954148 4.519148
 1241.000000 4.987156 4.636446
 1242.000000 3.524285 4.938314
 1243.000000 4.701488 4.501408
 1244.000000 5.741069 5.152112
 1245.000000 6.178320 4.679370
 1246.000000 5.885491 5.219793
 1247.000000 6.600276 5.202930
 1248.000000 6.099715 4.944493
 1249.000000 5.192650 4.967508
 1250.000000 4.287866 3.268299
 1251.000000 5.038311 3.436761
 1252.000000 5.285195 3.398158
 1253.000000 5.141888 4.111535
 1254.000000 5.361219 4.139283
 1255.000000 6.099820 4.833749
 1256.000000 6.523958 4.532581
 1257.000000 6.011675 4.766292
 1258.000000 6.415538 4.898521
 1259.000000 6.237008 5.116868
 1260.000000 5.455649 4.594471
 1261.000000 5.228903 4.282661
 1262.000000 5.420535 5.311386
 1263.000000 5.429309 5.412058
 1264.000000 5.381563 5.563277
 1265.000000 5.997910 4.693747
 1266.000000 6.235890 4.895285
 1267.000000 6.403587 4.178739
 1268.000000 6.032345 4.629251
 1269.000000 6.516280 4.661228
 1270.000000 5.904091 4.317495
 1271.000000 6.102478 3.816429
 1272.000000 6.190102 4.185810
 1273.000000 6.033355 4.724644
 1274.000000 6.250858 3.742637
 1275.000000 6.670453 4.732837
 1276.000000 6.153176 4.189850
 1277.000000 6.440029 2.943629
 1278.000000 5.731601 3.116349
 1279.000000 5.272609 2.902895
 1280.000000 5.894002 3.409475
 1281.000000 5.176066 3.334679
 1282.000000 5.635721 3.634264
 1283.000000 5.790418 3.464003
 1284.000000 5.690916 3.624950
 1285.000000 5.419264 4.425111
 1286.000000 5.012329 4.612876
 1287.000000 4.850898 4.242621
 1288.000000 4.987996 4.551258
 1289.000000 4.571057 3.602076
 1290.000000 3.569570 3.583443
 1291.000000 4.142863 2.679926
 1292.000000 3.440729 4.071047
 1293.000000 5.003064 4.404624
 1294.000000 3.589476 4.933333
 1295.000000 3.526968 4.632118
 1296.000000 4.574490 5.208069
 1297.000000 6.162504 5.466249
 1298.000000 6.371644 4.908064
 1299.000000 6.067055 4.468933
 1300.000000 5.992347 3.893863
 1301.000000 4.516221 2.927816
 1302.000000 4.638994 2.528107
 1303.000000 4.292845 3.414210
 1304.000000 4.677710 3.145219
 1305.000000 4.709518 3.102025
 1306.000000 4.733692 2.657073
 1307.000000 5.161285 2.921436
 1308.000000 4.660619 2.829832
 1309.000000 4.782108 3.196221
 1310.000000 5.730421 3.199449
 1311.000000 5.743624 2.931460
 1312.000000 5.942720 3.184228
 1313.000000 5.333217 3.318327
 1314.000000 4.389376 3.181856
 1315.000000 4.727946 2.890316
 1316.000000 5.029901 3.171768
 1317.000000 4.441804 2.894020
 1318.000000 5.939571 3.149336
 1319.000000 3.813999 3.351167
 1320.000000 3.521621 3.494525
 1321.000000 3.808205 3.258378
 1322.000000 4.339790 2.922074
 1323.000000 4.497231 2.343321
 1324.000000 4.728401 2.456265
 1325.000000 4.647016 3.466679
 1326.000000 4.181269 3.935482
 1327.000000 4.501433 5.266126
 1328.000000 3.866539 4.563951
 1329.000000 5.577688 5.338133
 1330.000000 5.530988 5.652082
 1331.000000 5.172129 5.984824
 1332.000000 5.823739 5.803817
 1333.000000 6.415884 5.591212
 1334.000000 6.707053 6.010483
 1335.000000 5.777106 6.049666
 1336.000000 6.120025 6.418925
 1337.000000 5.928422 6.510063
 1338.000000 6.053396 6.275256
 1339.000000 6.424580 6.735180
 1340.000000 5.769636 7.007289
 1341.000000 6.002625 6.820356
 1342.000000 5.954808 6.619823
 1343.000000 6.102584 6.904101
 1344.000000 5.871441 6.445449
 1345.000000 5.889945 6.125813
 1346.000000 5.831205 6.164410
 1347.000000 6.141600 6.431413
 1348.000000 5.877872 6.788121
 1349.000000 5.403164 6.003076
 1350.000000 5.423801 7.440652
 1351.000000 5.385563 6.694370
 1352.000000 5.284472 6.888090
 1353.000000 5.900654 7.152702
 1354.000000 5.464235 6.720383
 1355.000000 6.740339 7.276821
 1356.000000 5.818360 7.509495
 1357.000000 5.659153 7.496610
 1358.000000 6.409778 6.729321
 1359.000000 6.568751 6.937092
 1360.000000 6.034783 6.706354
 1361.000000 6.293505 6.659694
 1362.000000 6.446395 6.945272
 1363.000000 6.014681 6.349929
 1364.000000 4.966062 5.904718
 1365.000000 5.596165 6.445170
 1366.000000 6.337156 6.387572
 1367.000000 6.525628 6.815088
 1368.000000 5.930287 6.848034
 1369.000000 6.734454 6.514446
 1370.000000 6.165183 6.982757
 1371.000000 6.513069 6.897295
 1372.000000 6.201106 7.115546
 1373.000000 5.957357 6.698392
 1374.000000 6.422777 6.184985
 1375.000000 6.393185 6.946197
 1376.000000 6.604853 7.026168
 1377.000000 6.758566 6.974507
 1378.000000 6.231607 6.391728
 1379.000000 6.364012 6.684504
 1380.000000 6.527901 5.906615
 1381.000000 6.836607 5.160798
 1382.000000 6.994950 5.400093
 1383.000000 6.843853 5.420231
 1384.000000 6.241440 5.492383
 1385.000000 6.654078 5.541694
 1386.000000 6.892717 5.891808
 1387.000000 6.964097 5.921591
 1388.000000 7.277081 5.615655
 1389.000000 6.766513 5.594174
 1390.000000 6.926115 5.096610
 1391.000000 6.658450 4.143138
 1392.000000 7.145861 4.180984
 1393.000000 7.098168 4.323472
 1394.000000 6.845422 4.268068
 1395.000000 6.797327 4.448478
 1396.000000 7.310192 4.911859
 1397.000000 7.440661 4.690570
 1398.000000 6.373756 4.801643
 1399.000000 6.797621 4.851588
 1400.000000 6.857189 5.151644
 1401.000000 7.393728 4.867429
 1402.000000 7.311966 5.254897
 1403.000000 7.534949 4.442111
 1404.000000 6.730333 4.356928
 1405.000000 6.770560 4.972937
 1406.000000 6.766637 4.280094
 1407.000000 7.383012 4.610620
 1408.000000 6.579196 4.260615
 1409.000000 7.447878 5.119199
 1410.000000 7.199448 4.686418
 1411.000000 7.199670 5.028885
 1412.000000 7.213342 5.158011
 1413.000000 6.950629 4.872471
 1414.000000 7.240568 5.057891
 1415.000000 7.127315 4.843183
 1416.000000 7.281112 5.343652
 1417.000000 7.570004 5.142268
 1418.000000 6.917181 6.118941
 1419.000000 7.035778 4.839026
 1420.000000 6.449784 5.001515
 1421.000000 7.204415 5.420508
 1422.000000 6.604732 4.415580
 1423.000000 6.970993 3.890293
 1424.000000 6.791736 4.171337
 1425.000000 6.851674 4.170940
 1426.000000 7.159840 4.308246
 1427.000000 7.662012 4.399564
 1428.000000 7.431175 4.492687
 1429.000000 7.661552 4.422426
 1430.000000 7.366079 4.860850
 1431.000000 7.153440 4.398940
 1432.000000 7.144009 4.504374
 1433.000000 7.205227 4.522981
 1434.000000 7.489736 4.989480
 1435.000000 6.571268 4.651853
 1436.000000 7.022576 4.804448
 1437.000000 7.130864 5.005052
 1438.000000 7.212410 5.330070
 1439.000000 7.251269 5.250880
 1440.000000 7.287121 5.832632
 1441.000000 7.237522 5.617577
 1442.000000 6.664674 5.883122
 1443.000000 6.939126 5.860844
 1444.000000 6.574385 5.815145
 1445.000000 5.912799 5.559340
 1446.000000 7.342312 5.936509
 1447.000000 7.320624 6.103663
 1448.000000 6.372884 6.245328
 1449.000000 6.280887 5.316374
 1450.000000 6.042256 5.451664
 1451.000000 6.479396 5.477355
 1452.000000 6.429505 6.262136
 1453.000000 5.129905 5.667494
 1454.000000 5.427998 5.495947
 1455.000000 6.071630 5.739832
 1456.000000 6.301328 6.092956
 1457.000000 6.383781 6.054557
 1458.000000 5.191760 5.907353
 1459.000000 5.549214 6.013579
 1460.000000 5.293463 6.130090
 1461.000000 6.773180 6.577662
 1462.000000 6.985276 6.794276
 1463.000000 7.371355 7.064523
 1464.000000 7.027451 6.405776
 1465.000000 7.682934 6.664810
 1466.000000 7.077757 6.712341
 1467.000000 6.620825 6.100550
 1468.000000 7.025237 6.863293
 1469.000000 6.747529 6.729029
 1470.000000 6.739880 7.175391
 1471.000000 7.180158 7.217640
 1472.000000 6.888758 7.285098
 1473.000000 7.077776 7.043635
 1474.000000 6.779259 6.675561
 1475.000000 7.265597 6.433366
 1476.000000 6.796930 6.773591
 1477.000000 6.361275 5.503560
 1478.000000 7.125520 5.970068
 1479.000000 6.935923 5.718314
 1480.000000 7.631646 5.737995
 1481.000000 7.041223 5.894663
 1482.000000 7.444988 5.739514
 1483.000000 6.905034 6.262395
 1484.000000 6.533408 5.476184
 1485.000000 7.148406 6.925089
 1486.000000 7.119586 6.806090
 1487.000000 7.323285 7.150203
 1488.000000 7.524533 6.951893
 1489.000000 7.126527 7.111766
 1490.000000 7.239352 7.183562
 1491.000000 6.582283 7.079545
 1492.000000 6.219386 7.560319
 1493.000000 6.947569 6.815810
 1494.000000 7.277690 7.222165
 1495.000000 4.832160 7.003494
 1496.000000 5.014196 6.596294
 1497.000000 4.149270 6.794173
 1498.000000 5.208473 6.712269
 1499.000000 5.016875 6.303361
 1500.000000 6.253996 5.020275
 1501.000000 7.523137 6.106979
 1502.000000 6.842700 6.214177
 1503.000000 7.220213 7.061143
 1504.000000 6.985982 7.078771
 1505.000000 6.821522 7.431403
 1506.000000 6.843494 7.251623
 1507.000000 6.437311 7.325652
 1508.000000 6.527250 7.285710
 1509.000000 5.976548 6.781675
 1510.000000 6.044359 7.267003
 1511.000000 7.238657 6.403721
 1512.000000 7.177908 6.063695
 1513.000000 6.756974 5.279918
 1514.000000 6.898170 6.076872
 1515.000000 6.348049 5.864346
 1516.000000 7.071143 6.129682
 1517.000000 7.561212 6.808696
 1518.000000 6.838579 7.385253
 1519.000000 7.349334 7.082354
 1520.000000 7.307309 6.965706
 1521.000000 6.795078 6.856722
 1522.000000 6.844977 6.416528
 1523.000000 6.641979 6.327603
 1524.000000 7.466934 6.488669
 1525.000000 7.532217 6.904175
 1526.000000 7.614626 6.026157
 1527.000000 7.864647 5.451392
 1528.000000 7.470698 7.042391
 1529.000000 7.406348 6.621175
 1530.000000 7.534673 6.832688
 1531.000000 7.373906 6.612658
 1532.000000 7.007930 6.733530
 1533.000000 6.383244 5.633225
 1534.000000 6.903878 5.657167
 1535.000000 6.930236 5.691604
 1536.000000 6.958055 5.519444
 1537.000000 6.309614 5.909106
 1538.000000 7.050541 6.197565
 1539.000000 6.827524 6.582027
 1540.000000 6.617754 6.271689
 1541.000000 6.213568 5.347789
 1542.000000 6.947253 5.782756
 1543.000000 7.107289 5.769229
 1544.000000 6.500007 6.171245
 1545.000000 6.896994 5.603804
 1546.000000 7.534258 5.872230
 1547.000000 7.094462 6.327418
 1548.000000 7.456672 5.798095
 1549.000000 7.291927 5.849532
 1550.000000 7.174225 5.479319
 1551.000000 7.273560 5.446743
 1552.000000 6.272415 6.165766
 1553.000000 6.780671 5.945697
 1554.000000 6.506525 5.777745
 1555.000000 6.839384 6.135815
 1556.000000 5.753397 5.509041
 1557.000000 5.645906 5.693396
 1558.000000 6.500591 5.970049
 1559.000000 6.597446 5.768526
 1560.000000 6.752327 6.047917
 1561.000000 6.547303 5.682503
 1562.000000 6.734987 5.750014
 1563.000000 6.164110 5.578758
 1564.000000 6.591158 6.044211
 1565.000000 7.010156 6.156894
 1566.000000 6.643186 5.892498
 1567.000000 6.874982 5.995448
 1568.000000 6.769905 6.374970
 1569.000000 6.710905 5.771765
 1570.000000 6.171051 5.480838
 1571.000000 5.715811 5.421865
 1572.000000 6.454783 5.790243
 1573.000000 6.461826 5.679767
 1574.000000 6.617663 5.586875
 1575.000000 6.288962 5.937770
 1576.000000 6.734706 5.413403
 1577.000000 6.850162 5.282998
 1578.000000 7.219879 4.452679
 1579.000000 6.300002 4.986651
 1580.000000 6.377376 5.501508
 1581.000000 6.294503 5.138234
 1582.000000 6.421624 5.030004
 1583.000000 5.890780 4.708320
 1584.000000 5.997746 4.973698
 1585.000000 6.600568 5.148809
 1586.000000 6.573478 4.535602
 1587.000000 6.095420 5.054289
 1588.000000 6.515009 4.868253
 1589.000000 6.911028 4.902519
 1590.000000 6.374676 4.693878
 1591.000000 7.312743 4.663560
 1592.000000 7.103729 5.229268
 1593.000000 7.436600 4.692969
 1594.000000 7.059658 4.718985
 1595.000000 6.548450 4.175231
 1596.000000 6.840598 3.825789
 1597.000000 5.627272 3.126517
 1598.000000 7.366901 3.925083
 1599.000000 7.506637 4.307164
 1600.000000 6.576495 3.359631
 1601.000000 7.397043 3.327870
 1602.000000 7.394616 3.546677
 1603.000000 6.919428 3.391974
 1604.000000 7.030348 3.318881
 1605.000000 6.553094 2.851254
 1606.000000 6.113366 2.558460
 1607.000000 6.350792 2.603906
 1608.000000 6.672377 3.414536
 1609.000000 6.896538 3.589391
 1610.000000 6.246003 2.842854
 1611.000000 7.238853 3.967627
 1612.000000 6.864476 3.495285
 1613.000000 7.476449 3.187207
 1614.000000 7.247151 3.209146
 1615.000000 6.801956 3.136120
 1616.000000 6.696021 4.011929
 1617.000000 7.040936 4.018799
 1618.000000 7.046103 3.876262
 1619.000000 6.816607 3.952989
 1620.000000 6.574599 3.624286
 1621.000000 6.268802 4.450149
 1622.000000 6.565965 3.812960
 1623.000000 6.244389 3.570267
 1624.000000 7.212978 3.146034
 1625.000000 7.055578 3.892379
 1626.000000 6.667307 3.495936
 1627.000000 6.724985 4.267351
 1628.000000 6.624135 3.988829
 1629.000000 6.208492 3.336750
 1630.000000 6.787523 3.784694
 1631.000000 6.557760 3.664791
 1632.000000 7.369357 4.377823
 1633.000000 7.488046 4.311527
 1634.000000 6.952294 3.251541
 1635.000000 6.609495 3.154127
 1636.000000 6.537980 3.144772
 1637.000000 5.265020 2.694504
 1638.000000 5.799432 2.828583
 1639.000000 5.338467 2.534404
 1640.000000 5.207636 2.403863
 1641.000000 5.538264 3.174280
 1642.000000 5.038196 1.890290
 1643.000000 5.939445 2.328056
 1644.000000 5.591419 2.193434
 1645.000000 6.829353 2.210070
 1646.000000 6.598460 2.632738
 1647.000000 5.300095 2.012871
 1648.000000 7.048916 2.387129
 1649.000000 5.967539 1.534566
 1650.000000 4.823566 1.238302
 1651.000000 5.169674 1.462549
 1652.000000 5.325848 0.782385
 1653.000000 6.673055 1.635495
 1654.000000 7.154059 2.358177
 1655.000000 7.451345 2.718730
 1656.000000 7.480136 2.145226
 1657.000000 6.596209 1.857432
 1658.000000 6.350609 2.246577
 1659.000000 6.176613 2.574168
 1660.000000 5.905073 1.964535
 1661.000000 6.484037 2.396867
 1662.000000 5.812933 2.172003
 1663.000000 5.905879 2.053315
 1664.000000 7.456802 3.987066
 1665.000000 6.813936 3.129405
 1666.000000 6.518316 3.249707
 1667.000000 6.325428 3.190152
 1668.000000 6.947341 3.213261
 1669.000000 7.187231 3.030294
 1670.000000 7.013997 3.977216
 1671.000000 6.964094 4.181112
 1672.000000 7.270843 3.954562
 1673.000000 7.592583 4.271581
 1674.000000 6.584983 3.650967
 1675.000000 7.260099 3.322087
 1676.000000 7.221408 3.468071
 1677.000000 7.322689 3.109018
 1678.000000 7.740260 3.451992
 1679.000000 7.459493 3.438734
 1680.000000 7.411192 3.812272
 1681.000000 6.744986 2.703579
 1682.000000 6.790125 2.974903
 1683.000000 6.042063 2.404386
 1684.000000 5.864549 2.438606
 1685.000000 5.143947 2.224609
 1686.000000 5.978502 2.592409
 1687.000000 6.305717 2.521563
 1688.000000 6.434980 2.517795
 1689.000000 4.488675 1.655798
 1690.000000 6.926080 1.312267
 1691.000000 6.900551 1.405068
 1692.000000 5.976683 1.550439
 1693.000000 6.542481 1.930220
 1694.000000 4.533480 1.738385
 1695.000000 5.843472 2.287962
 1696.000000 3.656586 1.282083
 1697.000000 4.308598 1.406572
 1698.000000 3.729963 1.214087
 1699.000000 4.108149 1.800013
 1700.000000 4.841968 1.497433
 1701.000000 5.099676 1.617898
 1702.000000 5.224759 1.683521
 1703.000000 6.972259 2.363887
 1704.000000 6.253022 2.984628
 1705.000000 6.940547 3.490366
 1706.000000 6.313181 3.392621
 1707.000000 6.222771 2.755451
 1708.000000 7.127741 3.008068
 1709.000000 5.214117 2.328042
 1710.000000 6.762340 3.174302
 1711.000000 6.820156 3.508375
 1712.000000 6.528228 3.023590
 1713.000000 7.463784 3.041654
 1714.000000 6.969310 3.015746
 1715.000000 6.623240 3.401084
 1716.000000 5.948149 2.695341
 1717.000000 4.443489 2.350240
 1718.000000 4.090422 1.950654
 1719.000000 4.508684 2.389853
 1720.000000 5.938019 2.934133
 1721.000000 4.941361 2.397783
 1722.000000 4.324007 2.278630
 1723.000000 5.364931 1.818089
 1724.000000 4.997546 2.209674
 1725.000000 4.625491 1.967615
 1726.000000 5.708919 2.366670
 1727.000000 6.636680 2.359284
 1728.000000 5.327586 2.555658
 1729.000000 6.323672 2.844202
 1730.000000 7.381929 3.054372
 1731.000000 7.876727 2.601909
 1732.000000 7.897901 3.086057
 1733.000000 7.522363 2.269446
 1734.000000 7.993836 2.678278
 1735.000000 7.402928 2.589433
 1736.000000 7.425200 3.003665
 1737.000000 6.749286 1.998245
 1738.000000 5.832680 1.881326
 1739.000000 6.501715 1.671110
 1740.000000 7.268850 1.962443
 1741.000000 7.005189 2.808776
 1742.000000 7.880940 2.734545
 1743.000000 8.135213 3.361691
 1744.000000 7.466564 2.589239
 1745.000000 8.105371 3.052197
 1746.000000 6.921344 2.173021
 1747.000000 8.094004 1.883356
 1748.000000 7.518176 1.147042
 1749.000000 7.129741 1.398547
 1750.000000 6.852581 1.742005
 1751.000000 5.945400 0.935619
 1752.000000 5.982508 0.841783
 1753.000000 7.214112 0.992481
 1754.000000 7.477170 0.927263
 1755.000000 6.804774 0.781940
 1756.000000 6.633699 0.513672
 1757.000000 6.522162 0.767265
 1758.000000 6.005010 1.158257
 1759.000000 6.769323 0.817089
 1760.000000 7.146257 0.752837
 1761.000000 6.285440 0.777121
 1762.000000 5.203083 0.752158
 1763.000000 6.512111 1.143898
 1764.000000 4.808610 0.984775
 1765.000000 4.753146 0.684064
 1766.000000 5.159195 0.795757
 1767.000000 7.350180 1.896095
 1768.000000 7.300557 1.371073
 1769.000000 6.876333 1.609308
 1770.000000 5.741937 1.655764
 1771.000000 7.680236 0.981381
 1772.000000 8.044212 1.929771
 1773.000000 7.583056 2.153075
 1774.000000 7.577470 1.143266
 1775.000000 7.385739 0.854410
 1776.000000 6.482162 0.873387
 1777.000000 7.792361 1.264021
 1778.000000 7.112258 1.128766
 1779.000000 7.660225 0.783478
 1780.000000 7.421201 1.081797
 1781.000000 7.422688 1.132462
 1782.000000 7.722663 1.136574
 1783.000000 6.947428 0.822304
 1784.000000 7.269898 0.927627
 1785.000000 7.641479 1.120351
 1786.000000 6.862861 0.909972
 1787.000000 7.162412 0.957959
 1788.000000 7.919775 0.644635
 1789.000000 7.738128 1.017870
 1790.000000 7.898161 1.007163
 1791.000000 8.155762 0.915171
 1792.000000 8.138903 0.831720
 1793.000000 7.004315 0.807773
 1794.000000 8.009690 0.711697
 1795.000000 8.001240 1.140172
 1796.000000 7.455125 1.251331
 1797.000000 7.185659 0.863794
 1798.000000 6.582976 1.459350
 1799.000000 7.027853 0.816634
 1800.000000 6.467216 0.733189
 1801.000000 6.915309 0.671415
 1802.000000 6.393037 0.889097
 1803.000000 6.853158 0.900688
 1804.000000 7.050243 0.863457
 1805.000000 5.621740 0.792262
 1806.000000 6.045083 0.791101
 1807.000000 6.156813 0.739109
 1808.000000 6.423868 0.835675
 1809.000000 5.594209 0.937634
 1810.000000 6.331833 0.930696
 1811.000000 8.122870 1.923550
 1812.000000 7.993225 1.883650
 1813.000000 7.197787 1.741097
 1814.000000 6.956801 1.359704
 1815.000000 6.818262 1.099436
 1816.000000 6.596284 1.764689
 1817.000000 6.446883 2.454892
 1818.000000 6.845826 2.612086
 1819.000000 6.895111 3.127384
 1820.000000 7.110124 2.866150
 1821.000000 5.801587 1.482312
 1822.000000 5.493296 0.784511
 1823.000000 5.452712 0.945186
 1824.000000 5.277348 0.994398
 1825.000000 6.182687 0.782894
 1826.000000 5.844496 1.065217
 1827.000000 6.726308 1.051430
 1828.000000 6.471132 1.424764
 1829.000000 6.119004 1.170725
 1830.000000 4.414546 0.976882
 1831.000000 5.282284 0.791454
 1832.000000 5.567719 1.735275
 1833.000000 7.136239 1.438241
 1834.000000 5.859960 1.137168
 1835.000000 6.487374 0.772766
 1836.000000 5.557738 0.809431
 1837.000000 5.165481 1.035194
 1838.000000 5.488386 1.030820
 1839.000000 6.144913 0.669255
 1840.000000 5.116304 1.570251
 1841.000000 5.724806 0.665059
 1842.000000 5.326975 0.655434
 1843.000000 6.943782 0.956030
 1844.000000 7.557882 1.106895
 1845.000000 7.917457 1.451103
 1846.000000 8.127830 1.190634
 1847.000000 8.200995 0.959033
 1848.000000 7.786558 1.372847
 1849.000000 7.620304 1.528458
 1850.000000 7.970414 1.034661
 1851.000000 7.931556 0.944927
 1852.000000 7.740237 0.752288
 1853.000000 6.907568 0.879690
 1854.000000 7.831268 0.891730
 1855.000000 7.720447 0.843919
 1856.000000 7.486839 1.495147
 1857.000000 7.173841 1.365888
 1858.000000 7.071170 1.081068
 1859.000000 7.505468 0.725354
 1860.000000 7.819282 1.015368
 1861.000000 7.019135 1.464935
 1862.000000 7.513515 0.860498
 1863.000000 8.084359 0.933571
 1864.000000 7.094679 0.707499
 1865.000000 7.050691 0.500720
 1866.000000 6.718170 0.757136
 1867.000000 7.240776 0.855533
 1868.000000 7.153664 0.141566
 1869.000000 6.977009 0.254254
 1870.000000 6.991695 0.690328
 1871.000000 7.353281 0.433933
 1872.000000 8.007199 1.863502
 1873.000000 8.183957 1.633173
 1874.000000 7.994618 1.670881
 1875.000000 8.011747 1.939003
 1876.000000 8.118043 1.916560
 1877.000000 7.035994 1.901811
 1878.000000 6.662562 2.019386
 1879.000000 7.487629 1.933927
 1880.000000 7.535894 1.668375
 1881.000000 7.866957 1.652363
 1882.000000 7.971192 2.135308
 1883.000000 8.291172 1.868224
 1884.000000 7.683132 1.785021
 1885.000000 8.036183 2.010710
 1886.000000 8.095971 1.512471
 1887.000000 8.074666 1.320232
 1888.000000 7.941679 0.905670
 1889.000000 8.171927 1.214404
 1890.000000 7.360831 0.750199
 1891.000000 8.121098 0.859059
 1892.000000 8.331824 0.801405
 1893.000000 7.902315 0.990032
 1894.000000 7.869651 1.407702
 1895.000000 7.841733 0.978461
 1896.000000 8.173009 0.889815
 1897.000000 8.192890 0.807491
 1898.000000 7.804954 0.642791
 1899.000000 6.331941 0.830218
 1900.000000 7.480736 1.460447
 1901.000000 7.747659 0.920668
 1902.000000 8.063242 1.120297
 1903.000000 7.550976 1.273129
 1904.000000 7.917422 0.924814
 1905.000000 7.818877 1.106295
 1906.000000 7.141085 1.694273
 1907.000000 7.248776 1.811953
 1908.000000 8.140043 2.405220
 1909.000000 7.894577 1.465798
 1910.000000 7.925532 1.750291
 1911.000000 7.992695 1.511531
 1912.000000 8.026186 1.884450
 1913.000000 8.201199 2.128931
 1914.000000 7.974160 1.915635
 1915.000000 8.069797 1.672506
 1916.000000 7.356057 1.848809
 1917.000000 6.119116 1.721544
 1918.000000 7.166547 2.851559
 1919.000000 7.856390 2.646720
 1920.000000 7.473364 2.240032
 1921.000000 7.959388 2.611037
 1922.000000 7.647221 2.823874
 1923.000000 7.448638 2.733912
 1924.000000 8.080476 2.626081
 1925.000000 7.612540 1.595056
 1926.000000 7.654552 2.219089
 1927.000000 7.436577 1.713808
 1928.000000 7.848258 1.762133
 1929.000000 7.786975 1.152024
 1930.000000 8.209874 0.678032
 1931.000000 7.666884 1.732451
 1932.000000 6.563742 1.683054
 1933.000000 8.305130 1.480683
 1934.000000 8.128398 1.971482
 1935.000000 7.205990 1.697525
 1936.000000 8.167660 1.835402
 1937.000000 7.730242 1.759263
 1938.000000 6.763393 1.861525
 1939.000000 6.776437 1.926093
 1940.000000 7.544178 1.349278
 1941.000000 7.868802 1.856383
 1942.000000 6.376431 1.440257
 1943.000000 8.116107 2.617856
 1944.000000 8.039445 2.575265
 1945.000000 7.037995 2.577866
 1946.000000 7.654860 1.866554
 1947.000000 6.940668 1.765050
 1948.000000 6.944682 1.447192
 1949.000000 7.186059 2.597956
 1950.000000 7.432468 2.077427
 1951.000000 7.882347 1.681440
 1952.000000 7.437327 1.686894
 1953.000000 7.048208 1.829166
 1954.000000 5.803962 1.589585
 1955.000000 5.999503 1.758829
 1956.000000 6.822829 1.639393
 1957.000000 6.611086 2.313266
 1958.000000 7.155005 1.600815
 1959.000000 7.441606 1.970357
 1960.000000 7.700419 1.733001
 1961.000000 7.428220 1.331349
 1962.000000 7.313441 1.964095
 1963.000000 7.172240 1.969989
 1964.000000 6.471357 1.917876
 1965.000000 6.373095 2.060698
 1966.000000 6.739782 1.401091
 1967.000000 6.858276 2.089312
 1968.000000 6.800716 1.958553
 1969.000000 7.352738 1.691701
 1970.000000 7.356371 2.084069
 1971.000000 7.247397 2.046720
 1972.000000 7.502313 1.823219
 1973.000000 6.449995 2.015971
 1974.000000 6.834227 2.087310
 1975.000000 6.101017 1.632817
 1976.000000 6.459816 1.586383
 1977.000000 6.361479 1.888270
 1978.000000 7.096084 1.249631
 1979.000000 5.922250 2.619924
 1980.000000 7.306480 2.984927
 1981.000000 7.740903 2.830777
 1982.000000 6.716484 2.384802
 1983.000000 6.029398 2.821917
 1984.000000 6.852210 2.411063
 1985.000000 7.294297 2.435652
 1986.000000 7.273436 2.595497
 1987.000000 8.132973 2.310634
 1988.000000 7.553672 2.312153
 1989.000000 7.853579 2.719685
 1990.000000 7.885703 2.889792
 1991.000000 6.721481 1.524219
 1992.000000 7.667726 1.763564
 1993.000000 7.387400 1.702490
 1994.000000 7.265293 1.775610
 1995.000000 6.964498 1.033586
 1996.000000 7.318615 1.886545
 1997.000000 7.170872 1.681202
 1998.000000 6.845840 1.785123
 1999.000000 6.860486 1.528977
 2000.000000 7.828766 1.858103
 2001.000000 7.509615 1.548629
 2002.000000 7.452024 1.786197
 2003.000000 7.303653 1.847050
 2004.000000 7.880852 1.551342
 2005.000000 7.067458 1.684584
 2006.000000 6.847972 1.632279
 2007.000000 6.566935 1.782413
 2008.000000 6.457820 2.027225
 2009.000000 6.399966 1.987719
 2010.000000 7.572328 1.606095
 2011.000000 8.174946 1.756606
 2012.000000 8.149930 1.852397
 2013.000000 8.189325 1.960841
 2014.000000 8.757273 0.917505
 2015.000000 6.818214 0.241071
 2016.000000 8.097781 0.251625
 2017.000000 8.089935 0.331909
 2018.000000 7.814796 0.049292
 2019.000000 7.139019 0.350488
 2020.000000 8.039343 0.382152
 2021.000000 8.699788 0.778627
 2022.000000 8.913056 0.341503
 2023.000000 8.740836 0.413465
 2024.000000 8.850736 0.314709
 2025.000000 8.321478 0.124650
 2026.000000 8.419617 0.178746
 2027.000000 7.735229 0.285268
 2028.000000 8.318327 0.155198
 2029.000000 6.384439 0.269845
 2030.000000 6.317162 0.104966
 2031.000000 6.321949 0.173443
 2032.000000 6.349781 0.154834
 2033.000000 5.800861 0.341735
 2034.000000 5.939166 0.170559
 2035.000000 4.965408 0.348776
 2036.000000 4.302217 0.876384
 2037.000000 4.607187 0.384576
 2038.000000 5.156336 2.234926
 2039.000000 4.444061 1.238982
 2040.000000 3.722222 0.739570
 2041.000000 4.368642 0.507794
 2042.000000 5.000151 1.389229
 2043.000000 6.793485 1.500456
 2044.000000 5.650266 0.615323
 2045.000000 5.329008 0.376873
 2046.000000 6.686986 0.709636
 2047.000000 5.913882 1.363518
 2048.000000 6.234909 1.218910
 2049.000000 7.374552 1.213058
 2050.000000 7.964707 2.324814
 2051.000000 8.307638 2.062525
 2052.000000 8.521253 2.120033
 2053.000000 7.979096 2.032489
 2054.000000 8.107360 2.569997
 2055.000000 8.200552 3.520856
 2056.000000 8.319981 3.345341
 2057.000000 8.346070 3.380969
 2058.000000 8.034800 3.040805
 2059.000000 7.888839 4.671956
 2060.000000 8.084235 5.227509
 2061.000000 8.240335 4.680258
 2062.000000 7.869960 4.570716
 2063.000000 8.043092 4.536187
 2064.000000 8.086782 4.635265
 2065.000000 8.519743 3.986241
 2066.000000 7.992793 3.587038
 2067.000000 8.166463 4.484383
 2068.000000 8.595645 4.976380
 2069.000000 8.809478 5.124627
 2070.000000 8.156133 4.529668
 2071.000000 8.534419 5.157829
 2072.000000 8.466221 4.905818
 2073.000000 8.517345 4.862384
 2074.000000 8.280593 4.956402
 2075.000000 8.314867 4.981329
 2076.000000 8.051413 5.015334
 2077.000000 7.985755 4.913565
 2078.000000 7.570960 5.231431
 2079.000000 8.046803 5.231464
 2080.000000 8.688231 5.588581
 2081.000000 8.276045 5.458693
 2082.000000 8.833907 5.876105
 2083.000000 8.705433 6.066572
 2084.000000 8.740204 6.525892
 2085.000000 8.721889 6.535696
 2086.000000 8.790126 6.681312
 2087.000000 8.814812 6.340466
 2088.000000 8.584336 6.396503
 2089.000000 8.509109 6.321096
 2090.000000 7.428499 4.750930
 2091.000000 8.239349 4.113829
 2092.000000 7.786751 3.918530
 2093.000000 7.804135 3.686936
 2094.000000 8.626785 4.168273
 2095.000000 8.421117 4.621034
 2096.000000 8.189059 3.967549
 2097.000000 7.704100 4.151682
 2098.000000 7.052162 3.971781
 2099.000000 8.238157 4.025153
 2100.000000 7.773508 4.655589
 2101.000000 7.669872 4.275837
 2102.000000 8.151250 2.917687
 2103.000000 5.436247 2.490256
 2104.000000 7.450245 3.369534
 2105.000000 7.913043 3.598026
 2106.000000 6.745999 2.843030
 2107.000000 7.765404 3.440623
 2108.000000 7.963164 4.133950
 2109.000000 8.083015 4.821530
 2110.000000 7.657601 4.766878
 2111.000000 7.839523 4.888039
 2112.000000 8.203026 4.708360
 2113.000000 8.134628 5.142990
 2114.000000 8.011595 5.316167
 2115.000000 7.945087 4.630190
 2116.000000 7.703145 5.046015
 2117.000000 7.967106 5.059379
 2118.000000 8.040338 5.390583
 2119.000000 7.594290 4.194102
 2120.000000 8.251798 4.880232
 2121.000000 7.925156 4.603089
 2122.000000 7.729694 3.939895
 2123.000000 8.541700 4.427726
 2124.000000 8.343435 4.635066
 2125.000000 8.697156 5.021670
 2126.000000 7.136092 3.913295
 2127.000000 7.647264 3.933213
 2128.000000 7.787662 3.940735
 2129.000000 7.433163 3.735249
 2130.000000 7.641170 3.372476
 2131.000000 7.778533 3.564570
 2132.000000 7.507395 4.019857
 2133.000000 7.934793 3.838906
 2134.000000 7.379888 4.034072
 2135.000000 7.797418 3.594352
 2136.000000 8.366188 3.441886
 2137.000000 6.993390 2.586473
 2138.000000 6.366867 2.877455
 2139.000000 6.265853 2.808916
 2140.000000 6.081283 2.731311
 2141.000000 6.989870 2.556477
 2142.000000 7.193130 2.661262
 2143.000000 6.464832 2.892578
 2144.000000 6.222951 2.221343
 2145.000000 6.394098 2.432996
 2146.000000 5.991755 1.426399
 2147.000000 6.133649 1.224025
 2148.000000 5.420465 1.715828
 2149.000000 5.755005 1.612645
 2150.000000 6.448818 1.069162
 2151.000000 7.149932 0.135352
 2152.000000 6.950541 0.274861
 2153.000000 5.535187 0.785139
 2154.000000 4.472686 0.366579
 2155.000000 4.846782 0.140224
 2156.000000 4.933020 0.059786
 2157.000000 4.959186 0.212660
 2158.000000 4.170770 0.367083
 2159.000000 4.743848 0.149995
 2160.000000 3.961079 0.223313
 2161.000000 5.208203 0.271434
 2162.000000 4.687054 0.169272
 2163.000000 6.104158 0.287872
 2164.000000 5.068762 0.422118
 2165.000000 6.498366 0.082924
 2166.000000 6.924988 0.112669
 2167.000000 6.307336 0.442578
 2168.000000 7.070160 0.098075
 2169.000000 6.421636 0.416615
 2170.000000 7.433786 0.387682
 2171.000000 6.777536 0.137205
 2172.000000 6.302205 0.351345
 2173.000000 7.489694 0.122421
 2174.000000 7.314627 0.155404
 2175.000000 6.900134 0.369337
 2176.000000 7.149373 0.116388
 2177.000000 5.964444 0.884387
 2178.000000 5.865269 0.759673
 2179.000000 5.422720 0.552009
 2180.000000 4.176026 0.690268
 2181.000000 4.805232 0.170909
 2182.000000 4.776019 0.443471
 2183.000000 6.338527 0.790147
 2184.000000 7.528024 0.736092
 2185.000000 6.424237 0.230211
 2186.000000 5.457763 0.318708
 2187.000000 5.592325 0.248016
 2188.000000 5.548539 1.884657
 2189.000000 5.547810 1.972204
 2190.000000 5.783359 1.218014
 2191.000000 5.043667 1.430431
 2192.000000 6.642146 1.504318
 2193.000000 6.343766 1.858140
 2194.000000 6.096550 2.261845
 2195.000000 8.094727 3.397174
 2196.000000 8.102662 3.205197
 2197.000000 8.152490 2.868469
 2198.000000 6.914850 2.513531
 2199.000000 7.746435 3.748915
 2200.000000 7.110954 3.036080
 2201.000000 7.458431 3.224741
 2202.000000 7.531336 3.141366
 2203.000000 7.042385 2.950594
 2204.000000 7.365637 2.758239
 2205.000000 7.214392 3.200780
 2206.000000 7.383498 3.015121
 2207.000000 7.910968 3.069415
 2208.000000 7.772141 3.044844
 2209.000000 8.117380 2.780966
 2210.000000 8.430117 3.395841
 2211.000000 8.832484 2.084130
 2212.000000 8.275279 1.956561
 2213.000000 8.352989 1.936488
 2214.000000 6.795165 1.863684
 2215.000000 6.406232 0.835679
 2216.000000 8.094684 1.251862
 2217.000000 7.017975 0.776461
 2218.000000 8.011327 1.363986
 2219.000000 7.657318 2.331408
 2220.000000 8.206371 2.516910
 2221.000000 8.100207 2.242947
 2222.000000 8.500324 1.728970
 2223.000000 8.674415 2.341774
 2224.000000 8.372172 2.295108
 2225.000000 8.428236 1.790983
 2226.000000 8.309484 2.203180
 2227.000000 8.783193 2.077399
 2228.000000 7.649386 2.216917
 2229.000000 7.698972 0.801654
 2230.000000 7.557492 0.236409
 2231.000000 8.071952 0.170322
 2232.000000 8.919326 0.956383
 2233.000000 8.853625 1.080755
 2234.000000 8.500014 1.368342
 2235.000000 8.449350 1.418955
 2236.000000 7.417068 1.428300
 2237.000000 7.076492 1.225066
 2238.000000 7.210452 1.535557
 2239.000000 6.634852 1.221916
 2240.000000 6.573359 0.884457
 2241.000000 7.358305 1.164344
 2242.000000 7.726686 1.052781
 2243.000000 8.300781 1.310129
 2244.000000 7.852150 1.835386
 2245.000000 8.079782 1.736250
 2246.000000 8.724166 2.322290
 2247.000000 8.727014 2.424909
 2248.000000 8.777385 1.700210
 2249.000000 8.841222 1.682666
 2250.000000 8.771137 2.069257
 2251.000000 8.883424 2.052561
 2252.000000 8.802121 1.809371
 2253.000000 8.860826 2.553874
 2254.000000 8.791539 1.940939
 2255.000000 8.841808 1.751736
 2256.000000 8.810097 0.282040
 2257.000000 8.341199 0.130933
 2258.000000 8.095960 0.486177
 2259.000000 6.806447 0.376906
 2260.000000 7.736221 0.500062
 2261.000000 8.007278 0.626540
 2262.000000 8.355782 0.899622
 2263.000000 8.421761 1.094467
 2264.000000 8.317841 0.293123
 2265.000000 7.593054 0.105268
 2266.000000 6.984436 0.304106
 2267.000000 6.987482 0.354928
 2268.000000 7.029044 0.150988
 2269.000000 6.905224 0.201140
 2270.000000 6.807502 0.217602
 2271.000000 6.695688 0.093712
 2272.000000 6.968490 0.130375
 2273.000000 5.976485 0.173570
 2274.000000 5.011441 0.491976
 2275.000000 5.843226 0.503478
 2276.000000 5.405227 0.318266
 2277.000000 5.546551 0.485475
 2278.000000 5.992751 1.643241
 2279.000000 5.566357 0.936556
 2280.000000 5.602824 1.393732
 2281.000000 6.362553 0.415950
 2282.000000 6.526818 0.563609
 2283.000000 6.886974 0.247653
 2284.000000 6.919952 0.135015
 2285.000000 6.907280 0.270827
 2286.000000 7.682743 0.269956
 2287.000000 7.713962 0.188488
 2288.000000 7.730161 0.241191
 2289.000000 8.220382 0.476875
 2290.000000 7.803113 0.155472
 2291.000000 8.322124 0.198942
 2292.000000 8.164823 0.512102
 2293.000000 8.797798 0.420054
 2294.000000 8.184020 1.061446
 2295.000000 8.375080 1.125208
 2296.000000 8.219561 0.902952
 2297.000000 6.998717 0.630485
 2298.000000 7.917184 0.268699
 2299.000000 8.735230 0.644189
 2300.000000 8.312910 1.305974
 2301.000000 8.699308 1.327636
 2302.000000 8.339817 1.304131
 2303.000000 8.480341 1.476385
 2304.000000 8.692271 0.263293
 2305.000000 8.905370 0.369930
 2306.000000 7.829093 0.594073
 2307.000000 8.808250 0.355755
 2308.000000 8.934527 0.508385
 2309.000000 8.859525 0.458957
 2310.000000 8.243992 0.622025
 2311.000000 8.146156 0.222550
 2312.000000 8.236455 0.112143
 2313.000000 8.428360 0.946893
 2314.000000 7.097842 0.498690
 2315.000000 6.681643 1.193547
 2316.000000 5.320621 1.331290
 2317.000000 8.165468 1.915821
 2318.000000 7.685253 1.965413
 2319.000000 8.440482 1.149967
 2320.000000 7.670029 1.584104
 2321.000000 8.801584 1.178322
 2322.000000 8.840605 1.176165
 2323.000000 8.893566 1.503769
 2324.000000 8.380685 1.501407
 2325.000000 8.861794 1.266856
 2326.000000 8.891158 1.606952
 2327.000000 8.803362 1.223547
 2328.000000 8.819654 0.818808
 2329.000000 8.821910 0.540421
 2330.000000 8.926633 0.800298
 2331.000000 8.062088 0.109475
 2332.000000 8.198054 0.351541
 2333.000000 8.168761 0.523306
 2334.000000 8.384599 0.262971
 2335.000000 7.519176 1.388428
 2336.000000 6.461531 0.483593
 2337.000000 7.739838 0.340653
 2338.000000 6.578232 0.497592
 2339.000000 7.852306 1.599392
 2340.000000 8.369553 1.808321
 2341.000000 8.414856 2.350884
 2342.000000 8.457388 2.661895
 2343.000000 8.365634 2.727343
 2344.000000 8.588678 2.388055
 2345.000000 8.038946 2.371197
 2346.000000 7.125968 2.564925
 2347.000000 8.152263 1.993154
 2348.000000 7.481348 1.231995
 2349.000000 6.652962 0.249262
 2350.000000 6.350003 0.612389
 2351.000000 6.203999 0.660882
 2352.000000 7.365530 0.302722
 2353.000000 8.157045 0.201410
 2354.000000 7.727455 0.588432
 2355.000000 8.190385 0.538259
 2356.000000 7.210005 0.287202
 2357.000000 8.307833 0.311267
 2358.000000 8.088749 0.292286
 2359.000000 7.658005 0.697784
 2360.000000 7.578635 0.449212
 2361.000000 7.893127 0.135776
 2362.000000 7.980861 0.232535
 2363.000000 7.772035 0.226163
 2364.000000 8.152971 0.081604
 2365.000000 8.136902 0.048829
 2366.000000 8.882310 0.443764
 2367.000000 8.050230 0.754295
 2368.000000 8.796758 0.318007
 2369.000000 7.415497 0.254736
 2370.000000 6.307115 1.110126
 2371.000000 6.720973 1.737775
 2372.000000 8.211436 2.068932
 2373.000000 8.446094 2.332613
 2374.000000 8.060148 1.881211
 2375.000000 7.912358 1.410452
 2376.000000 8.262406 2.340800
 2377.000000 7.005626 2.215158
 2378.000000 6.551421 2.569634
 2379.000000 7.514320 2.566195
 2380.000000 8.933905 2.087931
 2381.000000 8.423259 2.234059
 2382.000000 8.702000 2.280808
 2383.000000 8.863477 2.441738
 2384.000000 7.737671 2.274674
 2385.000000 8.011758 2.259909
 2386.000000 7.695002 2.626972
 2387.000000 8.195889 2.753812
 2388.000000 8.536114 2.966324
 2389.000000 8.907572 2.751604
 2390.000000 8.853569 3.246430
 2391.000000 8.902158 2.617615
 2392.000000 8.539244 3.493840
 2393.000000 8.910669 3.682755
 2394.000000 8.870598 3.822993
 2395.000000 8.693574 3.008312
 2396.000000 8.324839 2.630672
 2397.000000 8.268766 2.883074
 2398.000000 7.859215 2.929575
 2399.000000 7.940113 3.171377
 2400.000000 8.295904 2.990262
 2401.000000 8.077000 3.299145
 2402.000000 8.264080 3.293335
 2403.000000 7.384056 2.934185
 2404.000000 7.592366 2.899665
 2405.000000 8.902930 2.962025
 2406.000000 8.004084 3.413274
 2407.000000 7.499766 3.768800
 2408.000000 7.638658 3.516569
 2409.000000 7.838251 3.614700
 2410.000000 7.770308 3.698116
 2411.000000 7.740932 3.437625
 2412.000000 7.674046 3.620730
 2413.000000 7.935108 3.630474
 2414.000000 7.307413 3.841131
 2415.000000 7.113620 3.524933
 2416.000000 7.432270 3.845786
 2417.000000 7.057376 3.998662
 2418.000000 7.563207 4.276005
 2419.000000 8.050228 4.117413
 2420.000000 7.206168 4.378998
 2421.000000 7.211484 3.731699
 2422.000000 7.862843 4.197810
 2423.000000 8.040515 4.282197
 2424.000000 8.051810 4.346566
 2425.000000 7.405558 4.303799
 2426.000000 7.289512 4.261076
 2427.000000 7.538321 4.189030
 2428.000000 7.089670 4.208012
 2429.000000 7.654759 4.155765
 2430.000000 6.885250 3.986519
 2431.000000 7.800714 4.336060
 2432.000000 8.020206 4.166660
 2433.000000 6.561508 3.014528
 2434.000000 6.643834 3.095239
 2435.000000 7.276565 3.055190
 2436.000000 6.210848 2.796579
 2437.000000 6.307098 2.965921
 2438.000000 6.841779 2.767842
 2439.000000 6.275121 2.990071
 2440.000000 6.704857 3.007763
 2441.000000 6.235717 2.599764
 2442.000000 6.801567 2.334080
 2443.000000 5.915549 2.729889
 2444.000000 6.952731 2.433172
 2445.000000 5.818106 2.437094
 2446.000000 6.073549 2.675961
 2447.000000 5.795349 2.732104
 2448.000000 7.145179 2.896082
 2449.000000 6.569993 2.468400
 2450.000000 5.858540 2.812965
 2451.000000 5.060121 2.072377
 2452.000000 5.824388 2.628309
 2453.000000 6.384969 2.762038
 2454.000000 6.708529 2.700344
 2455.000000 7.200920 2.666724
 2456.000000 7.230633 2.262999
 2457.000000 6.849956 2.271305
 2458.000000 7.180583 2.738452
 2459.000000 7.542567 2.993596
 2460.000000 7.312108 3.019919
 2461.000000 7.068579 3.416346
 2462.000000 7.036262 2.884780
 2463.000000 6.506810 2.431111
 2464.000000 6.599739 2.150560
 2465.000000 5.470698 2.548110
 2466.000000 6.487727 3.504923
 2467.000000 7.232748 3.440465
 2468.000000 6.305010 3.391516
 2469.000000 6.454053 3.463959
 2470.000000 7.233286 3.770313
 2471.000000 7.701682 3.460463
 2472.000000 7.045467 3.528284
 2473.000000 8.047202 4.551847
 2474.000000 7.607374 4.436730
 2475.000000 6.988065 4.775120
 2476.000000 7.050696 3.997742
 2477.000000 7.795991 4.718358
 2478.000000 8.288570 4.557189
 2479.000000 7.537367 4.202242
 2480.000000 8.164307 4.493659
 2481.000000 7.960921 4.525323
 2482.000000 8.136099 4.416322
 2483.000000 7.165171 4.537474
 2484.000000 6.864778 4.577912
 2485.000000 7.114010 4.565994
 2486.000000 7.264631 4.383846
 2487.000000 6.236325 3.700540
 2488.000000 7.098799 4.693641
 2489.000000 6.550505 4.903364
 2490.000000 7.266814 4.589146
 2491.000000 6.985414 4.662992
 2492.000000 7.220598 4.193687
 2493.000000 7.150640 4.785909
 2494.000000 7.186319 4.738210
 2495.000000 7.380695 4.236153
 2496.000000 8.249011 5.120859
 2497.000000 7.671646 5.410841
 2498.000000 7.988475 5.817884
 2499.000000 7.942220 5.877366
 2500.000000 7.888248 5.277390
 2501.000000 7.849962 5.219955
 2502.000000 8.219827 5.210367
 2503.000000 8.028650 5.576689
 2504.000000 7.866485 5.604207
 2505.000000 8.078441 5.412184
 2506.000000 7.447848 5.433744
 2507.000000 7.613619 5.106182
 2508.000000 7.079182 5.156009
 2509.000000 7.064843 5.370454
 2510.000000 7.424706 5.532820
 2511.000000 8.110621 5.455541
 2512.000000 7.676020 5.088662
 2513.000000 7.969837 5.711075
 2514.000000 7.364740 4.952795
 2515.000000 7.953715 4.915047
 2516.000000 7.816822 4.961349
 2517.000000 8.326568 5.369899
 2518.000000 7.815918 5.516760
 2519.000000 8.201390 5.724316
 2520.000000 7.976641 5.483172
 2521.000000 7.507910 5.924064
 2522.000000 7.726177 5.629296
 2523.000000 7.537109 4.841923
 2524.000000 6.905468 4.735062
 2525.000000 7.994862 5.889181
 2526.000000 7.928634 5.513567
 2527.000000 6.511231 4.863839
 2528.000000 7.039849 5.638897
 2529.000000 7.156402 5.509665
 2530.000000 7.756290 5.516376
 2531.000000 7.210594 5.435654
 2532.000000 7.260463 5.465213
 2533.000000 7.835313 6.203932
 2534.000000 7.935331 5.893564
 2535.000000 6.512751 5.835727
 2536.000000 7.747137 6.304624
 2537.000000 7.819256 6.671980
 2538.000000 7.588803 6.281749
 2539.000000 7.042078 6.465038
 2540.000000 7.953866 6.379635
 2541.000000 7.735868 6.820817
 2542.000000 7.981363 6.328382
 2543.000000 8.049031 6.180008
 2544.000000 7.701064 6.301690
 2545.000000 6.937641 6.232529
 2546.000000 7.168254 6.367628
 2547.000000 7.173636 6.165480
 2548.000000 7.344741 6.501751
 2549.000000 7.306316 6.151264
 2550.000000 7.485881 6.506177
 2551.000000 6.959561 5.982762
 2552.000000 6.859471 6.416202
 2553.000000 6.393271 6.200390
 2554.000000 7.015159 5.700256
 2555.000000 6.944755 6.591668
 2556.000000 8.245729 6.369341
 2557.000000 7.446824 6.245662
 2558.000000 7.391235 5.794045
 2559.000000 7.794377 5.835598
 2560.000000 7.648948 6.135504
 2561.000000 7.655185 6.200488
 2562.000000 7.830002 6.546606
 2563.000000 6.998640 5.959143
 2564.000000 8.399798 5.567655
 2565.000000 8.468347 5.730733
 2566.000000 8.837168 5.862105
 2567.000000 8.933572 5.883463
 2568.000000 8.330320 6.959050
 2569.000000 8.505023 6.491937
 2570.000000 8.725649 6.818884
 2571.000000 8.855596 7.045490
 2572.000000 8.274611 6.907987
 2573.000000 8.432487 6.885248
 2574.000000 8.455178 6.514484
 2575.000000 8.525774 6.711356
 2576.000000 8.220016 6.825865
 2577.000000 8.292464 6.145466
 2578.000000 8.221500 6.476487
 2579.000000 8.810079 6.289845
 2580.000000 8.814779 6.689858
 2581.000000 8.325193 6.179887
 2582.000000 8.303548 6.732385
 2583.000000 8.255808 7.187239
 2584.000000 8.442683 6.872976
 2585.000000 6.845495 4.394475
 2586.000000 8.204217 5.957837
 2587.000000 7.673202 5.382568
 2588.000000 8.081283 4.697208
 2589.000000 7.840364 3.410669
 2590.000000 8.738023 4.653036
 2591.000000 7.636188 4.200690
 2592.000000 7.846363 4.011279
 2593.000000 8.573858 4.384051
 2594.000000 8.539640 4.614016
 2595.000000 7.894649 3.755809
 2596.000000 8.393188 4.340708
 2597.000000 8.798659 4.348891
 2598.000000 8.827945 5.152300
 2599.000000 8.809435 5.185415
 2600.000000 8.905399 4.896378
 2601.000000 8.894290 4.250862
 2602.000000 7.733014 5.050840
 2603.000000 8.792310 5.216430
 2604.000000 8.798944 4.868434
 2605.000000 8.158233 5.007152
 2606.000000 8.898894 5.080859
 2607.000000 8.881042 5.125051
 2608.000000 8.621525 4.785091
 2609.000000 8.261458 4.128909
 2610.000000 7.946366 4.502540
 2611.000000 8.150021 3.956658
 2612.000000 7.497911 4.040513
 2613.000000 8.013829 3.849676
 2614.000000 8.042809 3.510780
 2615.000000 7.951642 3.504092
 2616.000000 8.793191 3.838896
 2617.000000 8.315295 3.750766
 2618.000000 8.349067 3.748206
 2619.000000 8.123379 3.652239
 2620.000000 7.101675 3.358219
 2621.000000 7.567273 3.139756
 2622.000000 7.628532 1.843666
 2623.000000 8.261520 2.274928
 2624.000000 7.859277 2.506888
 2625.000000 8.279604 2.042987
 2626.000000 8.355665 1.842035
 2627.000000 8.721299 2.050521
 2628.000000 8.841209 2.115186
 2629.000000 8.408020 2.095340
 2630.000000 8.474450 1.999364
 2631.000000 8.642376 2.385015
 2632.000000 8.340605 2.388375
 2633.000000 8.430712 2.608219
 2634.000000 7.073695 1.586773
 2635.000000 7.122467 2.195313
 2636.000000 7.038026 2.187178
 2637.000000 6.146427 2.237528
 2638.000000 7.432109 2.644278
 2639.000000 7.066532 2.173048
 2640.000000 7.694299 2.788645
 2641.000000 7.320466 2.967809
 2642.000000 6.671524 2.416669
 2643.000000 8.098034 2.923306
 2644.000000 8.439606 2.737190
 2645.000000 8.358032 2.668440
 2646.000000 8.793412 2.581494
 2647.000000 8.326334 2.566622
 2648.000000 7.995902 2.817543
 2649.000000 8.332929 3.176967
 2650.000000 7.821527 4.029382
 2651.000000 8.046263 5.098787
 2652.000000 7.538104 4.428209
 2653.000000 7.713027 4.610410
 2654.000000 8.394488 4.508168
 2655.000000 8.009131 4.870473
 2656.000000 7.639125 4.134332
 2657.000000 6.793150 3.698011
 2658.000000 7.435247 3.173891
 2659.000000 7.461458 4.085223
 2660.000000 7.853820 3.550384
 2661.000000 7.900834 3.668687
 2662.000000 6.155884 3.892625
 2663.000000 8.648916 4.592480
 2664.000000 8.489649 5.068530
 2665.000000 8.130665 4.434774
 2666.000000 8.258419 4.234689
 2667.000000 7.771097 4.183418
 2668.000000 8.378265 3.882722
 2669.000000 8.295337 3.541943
 2670.000000 8.536763 4.121366
 2671.000000 8.694156 3.917127
 2672.000000 7.726923 3.782334
 2673.000000 8.169619 3.875903
 2674.000000 8.187773 3.855548
 2675.000000 7.566396 3.286816
 2676.000000 8.486220 4.046203
 2677.000000 8.088231 4.035038
 2678.000000 8.302928 3.958108
 2679.000000 7.917667 3.799114
 2680.000000 8.146202 4.516271
 2681.000000 8.028121 4.729768
 2682.000000 8.429150 4.913249
 2683.000000 7.873127 4.771890
 2684.000000 7.360550 3.556394
 2685.000000 7.312956 3.370953
 2686.000000 7.747673 3.840171
 2687.000000 7.391719 3.741430
 2688.000000 8.742331 5.700809
 2689.000000 8.665881 5.592081
 2690.000000 8.535898 5.359436
 2691.000000 8.766006 5.325296
 2692.000000 8.494679 5.451627
 2693.000000 8.300392 5.207041
 2694.000000 8.292620 5.216954
 2695.000000 8.436978 5.338309
 2696.000000 8.572615 5.615047
 2697.000000 7.297844 5.042672
 2698.000000 7.501181 5.053409
 2699.000000 8.294323 5.234638
 2700.000000 7.675078 5.345814
 2701.000000 6.942309 4.378630
 2702.000000 7.801253 5.236237
 2703.000000 8.372096 5.843091
 2704.000000 8.512507 6.091222
 2705.000000 8.679706 5.686312
 2706.000000 8.644200 6.005535
 2707.000000 8.757309 6.051319
 2708.000000 8.800109 6.130212
 2709.000000 8.127516 5.596838
 2710.000000 8.128137 5.870007
 2711.000000 7.908379 5.614485
 2712.000000 8.081875 5.224255
 2713.000000 7.817834 5.294368
 2714.000000 8.222611 5.290787
 2715.000000 6.477494 4.119033
 2716.000000 7.296769 4.135767
 2717.000000 6.797320 3.729531
 2718.000000 6.497720 3.850439
 2719.000000 6.793466 4.395358
 2720.000000 7.232889 4.603546
 2721.000000 6.748832 4.332578
 2722.000000 7.252908 5.131635
 2723.000000 7.857586 6.205385
 2724.000000 6.389146 4.713182
 2725.000000 6.457580 4.795539
 2726.000000 6.653215 4.097589
 2727.000000 6.815202 4.009571
 2728.000000 6.812948 3.928084
 2729.000000 7.093354 3.828494
 2730.000000 7.578886 3.969320
 2731.000000 7.278832 3.983548
 2732.000000 6.861105 3.607798
 2733.000000 7.692975 3.846293
 2734.000000 8.730343 3.864701
 2735.000000 8.364286 4.228326
 2736.000000 8.462496 3.692425
 2737.000000 8.659604 3.866294
 2738.000000 7.717283 3.911797
 2739.000000 7.579615 4.081095
 2740.000000 7.280480 4.038690
 2741.000000 7.004416 4.345818
 2742.000000 7.267713 3.642382
 2743.000000 8.279147 4.107083
 2744.000000 8.030985 3.845747
 2745.000000 7.141234 3.870549
 2746.000000 7.500131 3.690369
 2747.000000 7.645543 3.780507
 2748.000000 6.682190 3.582021
 2749.000000 6.401552 3.471159
 2750.000000 6.517800 3.776508
 2751.000000 7.382294 3.722050
 2752.000000 8.064456 4.634352
 2753.000000 7.661639 4.852838
 2754.000000 7.598647 4.504087
 2755.000000 8.196015 5.069378
 2756.000000 8.362366 4.626918
 2757.000000 8.498970 5.530856
 2758.000000 7.830308 5.139915
 2759.000000 8.846218 5.771736
 2760.000000 8.469890 5.618377
 2761.000000 8.464894 4.646187
 2762.000000 8.443524 4.489697
 2763.000000 8.408892 4.748870
 2764.000000 8.197750 4.448503
 2765.000000 8.290666 4.446422
 2766.000000 8.587719 4.715789
 2767.000000 8.162802 4.855989
 2768.000000 8.745040 4.888696
 2769.000000 8.138570 4.495986
 2770.000000 8.489616 4.623202
 2771.000000 8.548709 4.523346
 2772.000000 7.995266 4.468601
 2773.000000 8.239740 4.632394
 2774.000000 8.722776 4.492942
 2775.000000 7.865130 4.178640
 2776.000000 7.843861 4.572956
 2777.000000 8.066302 4.709945
 2778.000000 7.648984 4.717641
 2779.000000 8.478753 5.709593
 2780.000000 8.769571 5.841083
 2781.000000 8.296312 5.372258
 2782.000000 8.439727 4.772482
 2783.000000 7.506890 4.321109
 2784.000000 8.643028 5.531396
 2785.000000 8.873531 5.993387
 2786.000000 8.324414 5.462740
 2787.000000 8.397348 5.640637
 2788.000000 8.928783 5.543540
 2789.000000 8.481671 5.374030
 2790.000000 8.008880 5.271168
 2791.000000 7.394909 5.095546
 2792.000000 7.419770 5.398356
 2793.000000 8.020303 5.489036
 2794.000000 7.995875 5.501408
 2795.000000 8.014223 5.439658
 2796.000000 8.688171 6.419462
 2797.000000 8.753758 6.782227
 2798.000000 7.881209 4.934523
 2799.000000 8.871291 5.551882
 2800.000000 8.847347 5.592727
 2801.000000 8.692543 5.953973
 2802.000000 8.745525 5.626539
 2803.000000 8.542392 5.901066
 2804.000000 8.647550 5.580201
 2805.000000 8.121144 6.230481
 2806.000000 8.734903 6.767229
 2807.000000 8.360617 6.907112
 2808.000000 8.835376 6.942895
 2809.000000 8.635888 6.819904
 2810.000000 8.826501 6.628532
 2811.000000 8.415802 7.121912
 2812.000000 8.384081 6.385816
 2813.000000 8.904307 6.839821
 2814.000000 8.852880 6.584574
 2815.000000 8.560074 7.297917
 2816.000000 8.697397 7.499022
 2817.000000 8.198236 7.142454
 2818.000000 8.344492 7.451365
 2819.000000 8.555423 7.237461
 2820.000000 8.078439 7.432850
 2821.000000 8.236552 7.660044
 2822.000000 8.292722 7.159451
 2823.000000 8.380284 7.130324
 2824.000000 7.588266 5.825827
 2825.000000 8.571723 5.574690
 2826.000000 8.234144 5.654466
 2827.000000 8.838577 5.696389
 2828.000000 8.205841 5.900323
 2829.000000 6.895263 4.552357
 2830.000000 7.357764 4.502638
 2831.000000 7.171684 4.796671
 2832.000000 8.072052 5.208501
 2833.000000 8.158283 5.849004
 2834.000000 7.899933 4.939301
 2835.000000 8.340614 5.315083
 2836.000000 8.055315 5.260811
 2837.000000 8.283543 5.264722
 2838.000000 8.132053 5.133954
 2839.000000 8.463426 6.220414
 2840.000000 8.028797 6.252668
 2841.000000 8.368490 6.148161
 2842.000000 8.182360 6.069408
 2843.000000 8.556704 6.885823
 2844.000000 8.483668 6.974136
 2845.000000 8.888171 7.903389
 2846.000000 8.789526 7.309274
 2847.000000 8.860037 7.482800
 2848.000000 8.246268 6.201281
 2849.000000 7.620354 5.800783
 2850.000000 8.674197 6.363721
 2851.000000 8.556818 6.325474
 2852.000000 8.765999 6.258751
 2853.000000 8.790167 6.233103
 2854.000000 8.872797 6.293922
 2855.000000 7.818669 5.829612
 2856.000000 7.742781 5.683948
 2857.000000 8.228914 6.757983
 2858.000000 8.907297 6.850370
 2859.000000 8.265527 6.715583
 2860.000000 8.176887 6.976300
 2861.000000 7.954713 6.918907
 2862.000000 7.916436 6.952016
 2863.000000 8.395629 6.676946
 2864.000000 8.079790 6.679870
 2865.000000 8.582025 6.900909
 2866.000000 7.813582 7.515882
 2867.000000 7.565285 7.332166
 2868.000000 8.424219 7.528332
 2869.000000 8.215762 7.619050
 2870.000000 7.853027 7.659368
 2871.000000 7.957556 7.632706
 2872.000000 7.777972 7.440302
 2873.000000 7.408789 7.193713
 2874.000000 7.289894 7.595152
 2875.000000 7.753463 7.754535
 2876.000000 7.963821 7.760277
 2877.000000 7.790671 7.504088
 2878.000000 8.372598 7.706972
 2879.000000 8.397858 7.710719
 2880.000000 8.158799 7.631721
 2881.000000 7.878570 7.780347
 2882.000000 7.949439 7.786547
 2883.000000 7.835816 7.859646
 2884.000000 8.243509 7.837714
 2885.000000 7.999648 7.651922
 2886.000000 7.817792 7.297919
 2887.000000 8.022149 7.787866
 2888.000000 7.910834 7.300278
 2889.000000 8.148579 7.536227
 2890.000000 7.742296 7.489638
 2891.000000 7.983820 8.111646
 2892.000000 8.343391 8.184889
 2893.000000 8.048134 8.058997
 2894.000000 8.927358 8.857259
 2895.000000 8.828101 8.882346
 2896.000000 8.898649 8.911911
 2897.000000 8.498180 8.864038
 2898.000000 8.221721 8.540833
 2899.000000 8.412807 8.912949
 2900.000000 8.213059 8.924689
 2901.000000 8.775742 8.756750
 2902.000000 8.898109 8.826601
 2903.000000 8.875551 8.211218
 2904.000000 8.876069 8.606828
 2905.000000 8.126293 8.606668
 2906.000000 7.854110 8.554434
 2907.000000 8.016016 7.698368
 2908.000000 8.515365 7.707027
 2909.000000 8.891422 7.912607
 2910.000000 8.920230 7.929486
 2911.000000 8.537334 7.675569
 2912.000000 8.867892 8.138964
 2913.000000 8.749175 7.563124
 2914.000000 8.836952 7.820802
 2915.000000 8.795429 7.770191
 2916.000000 8.948087 7.721185
 2917.000000 8.898614 7.915493
 2918.000000 8.449921 7.812916
 2919.000000 8.864690 7.836292
 2920.000000 8.913815 7.874018
 2921.000000 8.613823 8.291475
 2922.000000 8.894627 8.233578
 2923.000000 8.815275 8.699684
 2924.000000 8.879850 8.661999
 2925.000000 8.914572 8.950830
 2926.000000 8.907127 8.871908
 2927.000000 8.410888 8.194228
 2928.000000 8.778371 8.320899
 2929.000000 8.366438 8.094574
 2930.000000 7.975074 8.101712
 2931.000000 7.743224 7.437767
 2932.000000 8.236407 6.380606
 2933.000000 8.062395 5.708484
 2934.000000 8.910291 6.089983
 2935.000000 8.580105 5.932961
 2936.000000 8.901720 5.867460
 2937.000000 8.859286 6.004845
 2938.000000 8.651835 5.682673
 2939.000000 7.422062 4.797101
 2940.000000 7.727209 5.227215
 2941.000000 7.821963 5.075526
 2942.000000 8.063118 5.590734
 2943.000000 7.730732 5.837453
 2944.000000 8.112771 5.415674
 2945.000000 7.781602 5.755478
 2946.000000 7.401366 6.159323
 2947.000000 7.475425 6.009174
 2948.000000 7.804754 5.191825
 2949.000000 8.065173 5.013648
 2950.000000 7.511923 4.780398
 2951.000000 6.588449 4.601263
 2952.000000 6.432415 4.547426
 2953.000000 6.957352 4.682663
 2954.000000 6.611487 4.407723
 2955.000000 5.970756 4.605781
 2956.000000 6.649786 4.236501
 2957.000000 6.305881 4.286703
 2958.000000 7.559497 5.458920
 2959.000000 8.027006 5.546516
 2960.000000 8.006788 5.809560
 2961.000000 8.866199 6.050853
 2962.000000 8.117269 5.624402
 2963.000000 8.681780 5.728812
 2964.000000 7.904176 5.847120
 2965.000000 8.872934 6.090133
 2966.000000 8.836387 5.813408
 2967.000000 8.287467 5.086648
 2968.000000 8.114571 5.152205
 2969.000000 7.995471 5.007558
 2970.000000 8.584255 5.085995
 2971.000000 8.322689 5.083732
 2972.000000 8.848190 4.990599
 2973.000000 8.244129 4.880288
 2974.000000 8.213479 4.336209
 2975.000000 8.046816 4.959988
 2976.000000 8.328385 5.005650
 2977.000000 7.193316 4.432035
 2978.000000 7.724115 4.329570
 2979.000000 7.852489 4.133808
 2980.000000 7.992905 4.613046
 2981.000000 8.123879 5.320101
 2982.000000 8.214194 5.646761
 2983.000000 8.497597 6.264115
 2984.000000 7.646955 7.097113
 2985.000000 7.964218 7.507989
 2986.000000 7.463621 7.559822
 2987.000000 7.740029 7.696096
 2988.000000 8.438421 6.911519
 2989.000000 8.140121 6.401905
 2990.000000 8.341025 6.900999
 2991.000000 8.452217 6.877823
 2992.000000 8.146851 6.677557
 2993.000000 8.895030 7.658027
 2994.000000 8.851679 7.537254
 2995.000000 8.846462 6.872746
 2996.000000 8.193833 6.979303
 2997.000000 8.115323 6.908284
 2998.000000 8.430623 6.931937
 2999.000000 8.401305 6.894638
 3000.000000 8.896169 7.091083
 3001.000000 8.894969 6.855421
 3002.000000 8.443527 7.756274
 3003.000000 8.070765 6.741477
 3004.000000 8.183245 6.850668
 3005.000000 8.352851 7.046725
 3006.000000 8.811483 7.721730
 3007.000000 8.386437 7.668554
 3008.000000 8.412088 7.142148
 3009.000000 7.843419 7.304350
 3010.000000 8.717358 7.229240
 3011.000000 7.778654 7.332563
 3012.000000 7.184295 7.165408
 3013.000000 7.749824 6.544542
 3014.000000 7.964896 6.503093
 3015.000000 8.191383 6.612091
 3016.000000 7.622595 6.201365
 3017.000000 8.339698 6.179926
 3018.000000 8.867046 6.450423
 3019.000000 8.109357 5.891863
 3020.000000 8.482711 6.199682
 3021.000000 7.484244 4.603154
 3022.000000 7.931963 4.988013
 3023.000000 7.869984 5.880057
 3024.000000 7.900058 5.334244
 3025.000000 8.001689 5.628305
 3026.000000 8.383623 5.886081
 3027.000000 7.105959 5.637953
 3028.000000 8.008299 6.539472
 3029.000000 8.190228 6.100789
 3030.000000 7.620421 6.902427
 3031.000000 7.893979 6.736215
 3032.000000 8.776381 6.447576
 3033.000000 8.616810 6.383295
 3034.000000 8.862729 6.358770
 3035.000000 8.534903 6.446975
 3036.000000 8.936293 6.636220
 3037.000000 8.728430 6.100062
 3038.000000 7.609582 5.997833
 3039.000000 7.345723 5.780621
 3040.000000 7.304769 6.711951
 3041.000000 7.893746 7.199221
 3042.000000 8.919699 7.429964
 3043.000000 8.379045 7.224560
 3044.000000 8.896501 5.959383
 3045.000000 8.923504 6.078567
 3046.000000 8.702997 5.761736
 3047.000000 8.799923 5.961621
 3048.000000 7.965259 6.230208
 3049.000000 7.273805 6.521938
 3050.000000 7.444880 6.446519
 3051.000000 7.698663 6.459186
 3052.000000 7.779310 6.692533
 3053.000000 7.869511 6.214932
 3054.000000 7.787013 6.965649
 3055.000000 8.088603 5.798254
 3056.000000 8.403872 6.332303
 3057.000000 7.899564 6.436554
 3058.000000 8.348711 6.420160
 3059.000000 7.807240 6.270349
 3060.000000 8.079396 5.246886
 3061.000000 8.063870 5.876644
 3062.000000 8.322292 6.412553
 3063.000000 8.432210 6.088695
 3064.000000 7.877637 5.769112
 3065.000000 8.112340 6.196888
 3066.000000 8.128852 5.919133
 3067.000000 7.555277 6.042758
 3068.000000 7.781237 6.153491
 3069.000000 8.359913 5.403371
 3070.000000 7.814553 5.141788
 3071.000000 6.646247 5.380938
 3072.000000 7.640715 5.723854
 3073.000000 8.213571 5.565845
 3074.000000 6.532676 5.553637
 3075.000000 6.650475 5.422926
 3076.000000 6.322035 4.900683
 3077.000000 7.028827 4.973553
 3078.000000 7.358584 4.950291
 3079.000000 6.717225 5.708187
 3080.000000 6.892883 5.420898
 3081.000000 6.906835 5.428778
 3082.000000 7.975128 5.914213
 3083.000000 8.325404 6.671136
 3084.000000 8.075308 6.652191
 3085.000000 8.340094 6.939989
 3086.000000 8.022274 6.622820
 3087.000000 7.594697 6.287397
 3088.000000 8.432918 7.915656
 3089.000000 8.542307 7.679154
 3090.000000 8.557602 7.889480
 3091.000000 8.792417 7.697394
 3092.000000 8.834228 7.870009
 3093.000000 8.815016 6.891415
 3094.000000 8.079663 6.759816
 3095.000000 7.940527 6.715682
 3096.000000 8.796081 6.938391
 3097.000000 7.749037 6.134157
 3098.000000 8.836791 6.320259
 3099.000000 8.811939 6.299421
 3100.000000 8.366045 5.861540
 3101.000000 8.378362 6.507262
 3102.000000 7.291184 5.485113
 3103.000000 8.288640 5.213275
 3104.000000 8.838224 6.018875
 3105.000000 8.896072 6.883069
 3106.000000 8.360905 7.016620
 3107.000000 8.757179 7.264914
 3108.000000 8.859983 6.877727
 3109.000000 8.884491 6.814521
 3110.000000 8.513099 6.334177
 3111.000000 8.938631 6.765728
 3112.000000 8.923910 7.020883
 3113.000000 8.937976 7.030539
 3114.000000 8.861783 6.911479
 3115.000000 8.780133 6.823729
 3116.000000 8.392504 6.768033
 3117.000000 8.726805 6.514187
 3118.000000 8.818584 6.043500
 3119.000000 8.819499 6.013680
 3120.000000 8.717966 6.899069
 3121.000000 8.695272 7.024131
 3122.000000 7.822836 5.935768
 3123.000000 7.344229 5.780230
 3124.000000 7.485210 5.803900
 3125.000000 8.180791 5.995270
 3126.000000 7.444901 5.343847
 3127.000000 8.360875 6.029115
 3128.000000 8.775150 5.917560
 3129.000000 8.885408 5.540449
 3130.000000 8.863134 5.424635
 3131.000000 8.909515 5.323498
 3132.000000 8.853703 5.037440
 3133.000000 8.497219 4.994552
 3134.000000 8.815055 4.813954
 3135.000000 8.681313 4.613753
 3136.000000 8.867784 4.874736
 3137.000000 8.700198 5.472322
 3138.000000 8.242187 4.443585
 3139.000000 7.231157 5.276217
 3140.000000 6.876380 5.536907
 3141.000000 6.495415 5.230106
 3142.000000 7.300753 5.578868
 3143.000000 7.111531 4.262515
 3144.000000 6.469275 3.594628
 3145.000000 6.551362 3.558243
 3146.000000 7.098944 3.723868
 3147.000000 7.190627 3.627620
 3148.000000 7.208381 3.523504
 3149.000000 7.589872 3.779421
 3150.000000 6.589628 3.504896
 3151.000000 6.151001 3.041782
 3152.000000 6.135981 3.189153
 3153.000000 6.970645 2.994972
 3154.000000 6.697492 3.007896
 3155.000000 6.255168 3.330408
 3156.000000 6.772800 3.042481
 3157.000000 5.647991 2.984094
 3158.000000 6.386236 2.841502
 3159.000000 6.843456 3.432860
 3160.000000 6.833376 3.292975
 3161.000000 7.596654 3.444388
 3162.000000 4.897253 2.779008
 3163.000000 5.795581 2.876940
 3164.000000 5.546633 2.616920
 3165.000000 5.576150 3.404813
 3166.000000 6.122774 2.879327
 3167.000000 6.876491 3.103428
 3168.000000 6.767439 3.025472
 3169.000000 6.853473 3.310429
 3170.000000 7.321727 4.083876
 3171.000000 7.021512 4.178744
 3172.000000 7.165304 3.237113
 3173.000000 7.224285 3.587958
 3174.000000 6.998203 4.249704
 3175.000000 7.359793 4.190970
 3176.000000 7.507795 4.237775
 3177.000000 6.991660 4.004732
 3178.000000 7.558278 4.424083
 3179.000000 7.366620 4.268807
 3180.000000 7.552695 4.567894
 3181.000000 7.619655 4.321072
 3182.000000 7.494187 4.467958
 3183.000000 7.617688 4.701347
 3184.000000 7.716445 4.413408
 3185.000000 6.803421 4.483457
 3186.000000 6.749156 4.491143
 3187.000000 6.983807 5.064690
 3188.000000 6.193590 4.423166
 3189.000000 6.511777 4.649371
 3190.000000 7.595369 4.106385
 3191.000000 6.194609 3.667653
 3192.000000 5.998071 3.739316
 3193.000000 6.357875 3.930180
 3194.000000 5.649711 4.647000
 3195.000000 5.346776 4.680011
 3196.000000 5.190833 5.561701
 3197.000000 6.606183 6.461725
 3198.000000 4.761886 5.852979
 3199.000000 5.035952 5.877163
 3200.000000 6.894220 6.164321
 3201.000000 5.300439 6.090263
 3202.000000 5.884805 6.313903
 3203.000000 5.683219 6.342849
 3204.000000 5.320087 6.111842
 3205.000000 5.270200 5.898433
 3206.000000 4.781723 6.048501
 3207.000000 5.707355 6.016011
 3208.000000 5.420145 5.763477
 3209.000000 5.913505 6.393206
 3210.000000 6.277289 6.543040
 3211.000000 6.394663 6.550231
 3212.000000 6.425706 5.908384
 3213.000000 6.541877 5.966200
 3214.000000 5.895559 6.098876
 3215.000000 5.552864 5.530189
 3216.000000 5.849265 5.738889
 3217.000000 6.576501 6.097970
 3218.000000 6.746991 5.282136
 3219.000000 6.757678 5.157602
 3220.000000 7.085789 5.190336
 3221.000000 6.061157 5.526418
 3222.000000 6.301085 4.299026
 3223.000000 6.290159 4.675019
 3224.000000 6.474552 6.521119
 3225.000000 6.786752 6.521008
 3226.000000 6.996878 6.703626
 3227.000000 7.583919 6.790369
 3228.000000 6.576116 7.314714
 3229.000000 6.392956 8.007188
 3230.000000 6.126958 7.886225
 3231.000000 6.971658 7.316554
 3232.000000 7.149740 8.172154
 3233.000000 7.519248 8.083988
 3234.000000 8.034278 8.393045
 3235.000000 7.831958 8.152599
 3236.000000 7.804784 8.469832
 3237.000000 7.728718 8.959869
 3238.000000 7.705614 8.822892
 3239.000000 7.701222 8.793328
 3240.000000 8.206935 8.757562
 3241.000000 7.492306 8.653615
 3242.000000 6.193982 7.792096
 3243.000000 5.752307 8.147648
 3244.000000 7.110529 8.279918
 3245.000000 6.673617 8.169209
 3246.000000 7.812305 8.079178
 3247.000000 7.970994 8.286711
 3248.000000 7.467624 8.084443
 3249.000000 6.989184 8.233920
 3250.000000 7.253687 8.213599
 3251.000000 7.415727 8.465271
 3252.000000 6.914258 7.562117
 3253.000000 6.500415 6.933862
 3254.000000 6.127443 7.276757
 3255.000000 7.727685 7.887875
 3256.000000 7.348723 7.789535
 3257.000000 8.205194 8.330954
 3258.000000 8.275457 8.329955
 3259.000000 8.133491 8.475335
 3260.000000 7.541157 8.071526
 3261.000000 7.674495 7.055613
 3262.000000 7.389725 6.994604
 3263.000000 7.015692 7.495634
 3264.000000 6.722910 6.908417
 3265.000000 6.038944 6.685832
 3266.000000 7.051120 8.011369
 3267.000000 7.719922 7.861521
 3268.000000 6.647181 7.986309
 3269.000000 7.264678 7.695836
 3270.000000 7.123464 7.784978
 3271.000000 7.376679 7.638552
 3272.000000 6.935044 5.316466
 3273.000000 6.010867 5.086688
 3274.000000 5.718296 4.161794
 3275.000000 7.002190 5.529878
 3276.000000 6.838250 5.425834
 3277.000000 6.134217 4.209530
 3278.000000 6.196057 4.346170
 3279.000000 5.775092 4.465046
 3280.000000 5.846740 4.646658
 3281.000000 5.523701 4.610044
 3282.000000 6.346720 5.066871
 3283.000000 6.115307 4.671642
 3284.000000 7.045183 5.690821
 3285.000000 6.440925 5.342446
 3286.000000 7.455981 5.178368
 3287.000000 6.774301 4.875099
 3288.000000 6.606561 5.707735
 3289.000000 6.677196 5.523150
 3290.000000 6.910345 5.538533
 3291.000000 6.614411 5.072473
 3292.000000 7.500767 5.112238
 3293.000000 6.970066 5.277219
 3294.000000 7.506514 6.365901
 3295.000000 7.179232 5.818842
 3296.000000 7.453746 6.419183
 3297.000000 6.208783 5.143657
 3298.000000 7.133141 6.320498
 3299.000000 6.868874 6.189705
 3300.000000 7.611534 5.805713
 3301.000000 7.027609 4.937077
 3302.000000 6.889625 5.245366
 3303.000000 7.326413 4.838479
 3304.000000 6.569925 4.575517
 3305.000000 6.156137 4.624953
 3306.000000 6.296352 3.996084
 3307.000000 6.220570 3.964643
 3308.000000 6.059190 4.376057
 3309.000000 6.860611 4.533822
 3310.000000 6.673554 4.966522
 3311.000000 5.914970 4.580901
 3312.000000 5.436683 5.428586
 3313.000000 6.472114 4.633170
 3314.000000 6.677785 4.404211
 3315.000000 5.875170 3.885158
 3316.000000 7.364188 4.413516
 3317.000000 7.149411 3.950696
 3318.000000 6.334100 4.112203
 3319.000000 6.479471 3.602502
 3320.000000 6.969405 3.798565
 3321.000000 6.747711 3.811828
 3322.000000 6.907987 3.612821
 3323.000000 6.332157 3.585127
 3324.000000 5.531157 2.971128
 3325.000000 5.898670 3.530202
 3326.000000 6.801762 2.736189
 3327.000000 6.335346 3.529653
 3328.000000 6.095472 3.508255
 3329.000000 6.570709 3.741083
 3330.000000 6.905504 3.972244
 3331.000000 6.584318 3.667362
 3332.000000 6.418576 3.157406
 3333.000000 6.824928 3.793976
 3334.000000 6.036639 3.849921
 3335.000000 7.057498 4.287786
 3336.000000 6.670555 3.598666
 3337.000000 6.735505 3.732288
 3338.000000 6.166801 3.792970
 3339.000000 6.813922 3.661495
 3340.000000 7.269196 3.560311
 3341.000000 7.557429 3.621237
 3342.000000 7.663666 4.707316
 3343.000000 7.663675 3.715399
 3344.000000 7.365446 4.127816
 3345.000000 6.425878 3.411063
 3346.000000 5.924693 3.633148
 3347.000000 6.908023 3.891385
 3348.000000 6.060168 3.441931
 3349.000000 5.672705 3.290002
 3350.000000 5.949525 3.378088
 3351.000000 5.271806 3.555315
 3352.000000 6.069526 3.514423
 3353.000000 6.435334 3.461237
 3354.000000 5.982598 3.430672
 3355.000000 6.672532 2.518579
 3356.000000 6.120598 2.882867
 3357.000000 6.636380 2.943813
 3358.000000 6.963434 3.406565
 3359.000000 6.298565 2.529134
 3360.000000 6.002464 2.871429
 3361.000000 6.599948 2.390671
 3362.000000 6.287805 2.715795
 3363.000000 6.495227 2.684621
 3364.000000 7.051763 3.232736
 3365.000000 6.520092 2.713693
 3366.000000 6.998289 2.863906
 3367.000000 6.706182 2.635210
 3368.000000 6.332158 2.749706
 3369.000000 7.283537 3.665605
 3370.000000 7.002659 3.524981
 3371.000000 7.250304 3.628546
 3372.000000 6.648780 3.849351
 3373.000000 7.025033 3.583295
 3374.000000 6.129191 2.553785
 3375.000000 5.902661 2.814523
 3376.000000 7.021367 2.898193
 3377.000000 7.185776 2.553106
 3378.000000 7.169808 2.608489
 3379.000000 6.698857 2.290359
 3380.000000 7.220446 2.883146
 3381.000000 6.395918 2.855036
 3382.000000 7.672518 3.524598
 3383.000000 6.018474 3.624295
 3384.000000 6.886715 3.757686
 3385.000000 6.305190 3.936902
 3386.000000 7.255977 3.619874
 3387.000000 6.371546 3.673996
 3388.000000 5.637133 2.812776
 3389.000000 5.019499 2.530632
 3390.000000 5.566558 2.720733
 3391.000000 5.603073 2.611200
 3392.000000 6.017830 3.642642
 3393.000000 6.952457 3.184241
 3394.000000 6.662167 3.772443
 3395.000000 6.593516 3.565513
 3396.000000 6.548410 4.110776
 3397.000000 6.436362 3.918963
 3398.000000 6.196550 3.763309
 3399.000000 6.052138 3.152072
 3400.000000 5.451548 3.525137
 3401.000000 5.857682 3.739931
 3402.000000 6.326582 3.862908
 3403.000000 5.841399 3.682910
 3404.000000 5.515784 3.521782
 3405.000000 6.150543 3.529410
 3406.000000 6.639640 3.559227
 3407.000000 6.096247 3.318881
 3408.000000 6.762312 4.209030
 3409.000000 6.358723 4.311896
 3410.000000 7.022434 4.376100
 3411.000000 6.978152 4.114608
 3412.000000 6.910534 3.750078
 3413.000000 6.886405 4.221483
 3414.000000 6.925905 4.262304
 3415.000000 6.820180 4.149244
 3416.000000 6.868889 4.507219
 3417.000000 6.700672 3.348665
 3418.000000 6.815011 3.730003
 3419.000000 6.928109 4.435889
 3420.000000 6.218094 4.249657
 3421.000000 6.459304 3.589376
 3422.000000 5.735345 3.285230
 3423.000000 5.201876 3.477665
 3424.000000 5.352167 2.473319
 3425.000000 5.297172 3.190121
 3426.000000 5.813926 2.537725
 3427.000000 5.986139 2.408814
 3428.000000 5.297029 2.010871
 3429.000000 6.179574 2.473109
 3430.000000 6.178032 1.755198
 3431.000000 6.206723 1.693854
 3432.000000 6.452496 1.815327
 3433.000000 5.970790 1.913976
 3434.000000 6.024395 1.378837
 3435.000000 5.794341 2.128257
 3436.000000 5.608978 2.144710
 3437.000000 5.899628 2.318681
 3438.000000 6.231138 2.073650
 3439.000000 5.464426 2.248932
 3440.000000 6.648575 2.258237
 3441.000000 6.794281 2.449124
 3442.000000 7.125295 2.656712
 3443.000000 6.595783 2.780072
 3444.000000 6.295970 2.040650
 3445.000000 5.784646 1.769377
 3446.000000 5.969211 2.688828
 3447.000000 6.288457 2.350821
 3448.000000 7.076088 2.243664
 3449.000000 7.289435 2.820241
 3450.000000 7.285950 2.559125
 3451.000000 7.251402 2.182151
 3452.000000 7.518185 2.313334
 3453.000000 7.928636 2.758948
 3454.000000 7.625152 2.335000
 3455.000000 8.170203 2.568031
 3456.000000 7.685727 2.482914
 3457.000000 7.440471 3.205000
 3458.000000 7.327545 2.476069
 3459.000000 7.556060 2.783298
 3460.000000 5.825653 2.307362
 3461.000000 6.384142 3.075847
 3462.000000 5.346138 3.025510
 3463.000000 6.817598 2.316007
 3464.000000 6.232033 2.024760
 3465.000000 6.113928 2.049325
 3466.000000 6.987531 2.041856
 3467.000000 5.437125 1.895267
 3468.000000 4.940945 1.670748
 3469.000000 6.396598 3.719750
 3470.000000 6.819750 4.082826
 3471.000000 7.574045 3.955612
 3472.000000 6.875036 4.720193
 3473.000000 7.098724 4.191010
 3474.000000 7.392198 4.210413
 3475.000000 7.535980 3.920763
 3476.000000 7.572974 4.290011
 3477.000000 7.534928 4.387484
 3478.000000 7.224971 4.473708
 3479.000000 7.341977 4.191074
 3480.000000 7.065721 4.283141
 3481.000000 7.275833 4.755711
 3482.000000 7.102356 4.455915
 3483.000000 7.356197 4.977662
 3484.000000 7.092967 4.500333
 3485.000000 6.740817 4.170303
 3486.000000 6.451463 3.304011
 3487.000000 7.649790 4.237348
 3488.000000 7.320665 4.263360
 3489.000000 7.585443 4.607929
 3490.000000 7.785916 4.317600
 3491.000000 7.537368 4.275395
 3492.000000 7.368249 4.033483
 3493.000000 6.664569 4.318837
 3494.000000 6.855652 4.209265
 3495.000000 6.802883 4.459617
 3496.000000 7.453610 3.911585
 3497.000000 7.586956 4.475162
 3498.000000 7.384730 4.631179
 3499.000000 5.963137 4.488059
 3500.000000 6.670400 4.199692
 3501.000000 6.193303 4.198802
 3502.000000 6.848042 5.933920
 3503.000000 6.913646 5.243793
 3504.000000 6.634284 4.893927
 3505.000000 7.416103 5.758393
 3506.000000 7.026831 4.914086
 3507.000000 6.486145 5.193039
 3508.000000 6.820357 5.491010
 3509.000000 6.307162 4.498151
 3510.000000 6.360093 4.686166
 3511.000000 6.334034 4.493126
 3512.000000 7.048518 4.417377
 3513.000000 6.179762 3.926549
 3514.000000 6.967754 4.271306
 3515.000000 7.572489 4.545237
 3516.000000 7.488416 3.919933
 3517.000000 6.659935 3.837122
 3518.000000 7.524763 4.013964
 3519.000000 7.275924 3.278015
 3520.000000 7.000768 3.235383
 3521.000000 6.318773 2.558375
 3522.000000 5.782512 2.388739
 3523.000000 5.938995 2.555223
 3524.000000 6.503826 2.601064
 3525.000000 5.666517 2.853233
 3526.000000 7.119484 2.610874
 3527.000000 6.571418 2.208847
 3528.000000 7.390972 2.634455
 3529.000000 7.519651 2.638786
 3530.000000 7.377879 2.930908
 3531.000000 7.445705 3.371471
 3532.000000 7.366904 2.539141
 3533.000000 7.709315 2.949598
 3534.000000 7.965280 2.547154
 3535.000000 7.962561 2.717260
 3536.000000 7.894722 2.894850
 3537.000000 7.934322 2.411235
 3538.000000 7.923712 3.226203
 3539.000000 7.994743 2.606422
 3540.000000 7.819882 4.116691
 3541.000000 7.573168 3.317142
 3542.000000 7.786835 3.872239
 3543.000000 7.414884 3.449856
 3544.000000 8.360359 2.590621
 3545.000000 7.344896 1.781619
 3546.000000 6.557209 1.786751
 3547.000000 6.820281 1.933075
 3548.000000 6.472558 1.680180
 3549.000000 6.430708 2.136278
 3550.000000 6.394367 1.513377
 3551.000000 5.265551 1.434185
 3552.000000 5.695992 1.642028
 3553.000000 6.248867 1.664792
 3554.000000 5.483546 1.710472
 3555.000000 4.840081 2.629542
 3556.000000 4.817036 2.077543
 3557.000000 5.010978 2.130807
 3558.000000 4.369620 1.968023
 3559.000000 4.027854 1.839953
 3560.000000 6.144280 1.585891
 3561.000000 3.855148 1.095465
 3562.000000 4.891459 1.307619
 3563.000000 3.990195 1.161957
 3564.000000 5.686360 1.070405
 3565.000000 5.358893 1.730156
 3566.000000 6.288113 1.414873
 3567.000000 6.769276 1.393244
 3568.000000 7.665405 2.150482
 3569.000000 7.323464 2.138094
 3570.000000 7.916343 1.955166
 3571.000000 7.063215 2.280441
 3572.000000 4.688606 1.113705
 3573.000000 5.589418 0.543189
 3574.000000 4.062164 1.202211
 3575.000000 5.420012 1.841111
 3576.000000 5.509686 1.672609
 3577.000000 4.502745 1.779852
 3578.000000 5.194027 2.418865
 3579.000000 6.415737 2.709201
 3580.000000 8.015306 3.658821
 3581.000000 6.559511 3.452909
 3582.000000 8.076070 3.513438
 3583.000000 7.534578 4.260887
 3584.000000 6.911136 4.086033
 3585.000000 7.197426 4.492119
 3586.000000 7.103192 4.042604
 3587.000000 6.571222 4.317424
 3588.000000 6.390500 4.105541
 3589.000000 6.769305 4.662421
 3590.000000 7.125917 4.531737
 3591.000000 5.804526 3.654936
 3592.000000 6.232683 4.210435
 3593.000000 5.843747 3.031330
 3594.000000 6.064423 4.061008
 3595.000000 5.974077 4.393703
 3596.000000 6.565366 4.717617
 3597.000000 6.341109 4.289068
 3598.000000 6.131032 4.689967
 3599.000000 5.835573 3.922742
 3600.000000 7.038080 4.485461
 3601.000000 6.542032 5.221538
 3602.000000 5.872302 5.523737
 3603.000000 5.135738 5.062925
 3604.000000 6.129643 5.404746
 3605.000000 6.277861 5.453943
 3606.000000 5.698316 3.939900
 3607.000000 6.392055 3.569618
 3608.000000 6.638362 4.798603
 3609.000000 4.774483 4.461893
 3610.000000 5.167378 4.066326
 3611.000000 5.321823 3.743915
 3612.000000 6.181083 4.292033
 3613.000000 6.598778 5.583572
 3614.000000 6.999292 5.950888
 3615.000000 7.025469 5.973616
 3616.000000 7.121797 6.111255
 3617.000000 7.341970 5.898831
 3618.000000 7.096345 5.923168
 3619.000000 7.585355 6.205795
 3620.000000 7.112601 6.257547
 3621.000000 7.299220 5.814415
 3622.000000 6.825267 5.681894
 3623.000000 7.803499 5.690690
 3624.000000 6.998970 5.915104
 3625.000000 6.554750 5.918072
 3626.000000 7.137385 5.725924
 3627.000000 7.316520 7.154959
 3628.000000 7.018221 6.425932
 3629.000000 6.408346 6.622769
 3630.000000 6.459691 5.886127
 3631.000000 5.124251 5.544572
 3632.000000 6.037239 5.686728
 3633.000000 5.659367 4.086426
 3634.000000 6.480902 5.476236
 3635.000000 6.106579 5.950248
 3636.000000 6.870571 6.076702
 3637.000000 6.296563 5.284337
 3638.000000 6.835579 5.274467
 3639.000000 7.136353 5.035397
 3640.000000 7.623115 5.247834
 3641.000000 6.890422 4.397027
 3642.000000 7.229025 6.084946
 3643.000000 7.956852 6.501801
 3644.000000 7.063463 6.240463
 3645.000000 7.143024 5.171016
 3646.000000 7.796043 5.279558
 3647.000000 6.497505 4.899459
 3648.000000 7.185066 5.631494
 3649.000000 6.841409 6.194461
 3650.000000 6.965879 6.134319
 3651.000000 6.911113 5.507523
 3652.000000 7.356813 5.164273
 3653.000000 7.261819 6.690110
 3654.000000 6.506966 6.554831
 3655.000000 7.471554 6.696199
 3656.000000 6.168381 5.955004
 3657.000000 6.392963 6.136119
 3658.000000 6.907280 5.964468
 3659.000000 7.121512 6.110283
 3660.000000 6.131870 5.359141
 3661.000000 7.105559 4.937725
 3662.000000 6.538323 4.576772
 3663.000000 7.118536 4.786361
 3664.000000 6.814882 4.438202
 3665.000000 7.654105 5.070447
 3666.000000 6.569215 5.286354
 3667.000000 6.489869 5.559272
 3668.000000 6.749519 5.526591
 3669.000000 6.654902 6.617470
 3670.000000 7.247856 6.601335
 3671.000000 7.671147 6.600282
 3672.000000 7.717379 6.380262
 3673.000000 7.009038 5.908158
 3674.000000 6.929336 6.123168
 3675.000000 6.836356 5.721880
 3676.000000 7.269375 6.287078
 3677.000000 7.211314 5.338331
 3678.000000 7.249617 4.860357
 3679.000000 7.576712 5.320254
 3680.000000 7.665628 5.602685
 3681.000000 7.224490 5.256148
 3682.000000 7.093762 4.536697
 3683.000000 7.154858 5.075265
 3684.000000 6.933615 5.046746
 3685.000000 6.463460 4.530744
 3686.000000 6.456250 5.185897
 3687.000000 6.698427 5.402916
 3688.000000 7.730113 5.649622
 3689.000000 7.278277 4.995966
 3690.000000 6.459526 4.519111
 3691.000000 6.308487 4.703787
 3692.000000 6.829545 4.578106
 3693.000000 6.590449 4.739247
 3694.000000 8.367869 4.060751
 3695.000000 7.318389 2.830923
 3696.000000 6.683103 2.992794
 3697.000000 6.757526 3.182830
 3698.000000 6.736605 3.085958
 3699.000000 6.568373 2.802464
 3700.000000 7.262289 3.223650
 3701.000000 7.572610 3.124176
 3702.000000 7.531358 3.105100
 3703.000000 8.103186 3.068738
 3704.000000 7.110663 3.154267
 3705.000000 7.110757 3.217998
 3706.000000 6.328999 2.782697
 3707.000000 6.622785 2.418128
 3708.000000 6.746443 3.216954
 3709.000000 7.733312 3.081512
 3710.000000 8.123160 2.711348
 3711.000000 7.685962 2.867227
 3712.000000 8.097288 2.837650
 3713.000000 8.324495 2.665429
 3714.000000 7.979567 3.155248
 3715.000000 8.271009 3.221574
 3716.000000 7.789904 2.648388
 3717.000000 7.886023 2.996126
 3718.000000 7.399895 2.401080
 3719.000000 8.007487 3.212542
 3720.000000 7.598558 3.164455
 3721.000000 8.064968 3.603196
 3722.000000 6.722755 2.011626
 3723.000000 7.564183 2.169080
 3724.000000 6.128929 2.268406
 3725.000000 6.548100 3.569272
 3726.000000 6.930649 3.329739
 3727.000000 7.295058 3.369739
 3728.000000 8.082683 4.107180
 3729.000000 7.598880 4.612127
 3730.000000 7.820987 5.711539
 3731.000000 8.820903 6.788704
 3732.000000 8.309112 6.587639
 3733.000000 8.641046 6.066254
 3734.000000 7.811260 6.189822
 3735.000000 7.373978 5.865728
 3736.000000 5.949755 5.604031
 3737.000000 7.763074 5.238950
 3738.000000 7.468191 4.455173
 3739.000000 8.915840 4.686497
 3740.000000 8.320745 3.969901
 3741.000000 8.057923 4.007411
 3742.000000 7.796559 4.239012
 3743.000000 8.243204 4.245489
 3744.000000 8.382728 4.389118
 3745.000000 7.440263 4.369647
 3746.000000 8.727400 4.286864
 3747.000000 8.864800 3.968487
 3748.000000 8.758884 3.812428
 3749.000000 8.902304 4.064126
 3750.000000 8.893639 3.886391
 3751.000000 8.892851 3.716888
 3752.000000 7.845355 3.798741
 3753.000000 7.706396 3.643630
 3754.000000 7.557688 4.183236
 3755.000000 7.967003 3.993819
 3756.000000 8.337357 3.851081
 3757.000000 8.479818 4.218601
 3758.000000 8.026763 4.488904
 3759.000000 7.728127 4.016886
 3760.000000 7.458318 3.995872
 3761.000000 7.967336 4.494803
 3762.000000 8.061036 4.850727
 3763.000000 8.253538 4.970037
 3764.000000 6.761933 4.863432
 3765.000000 7.557462 4.403320
 3766.000000 6.932758 3.983343
 3767.000000 6.860639 4.064016
 3768.000000 7.147288 4.368791
 3769.000000 7.490845 4.368722
 3770.000000 7.121191 4.787178
 3771.000000 7.082248 4.762282
 3772.000000 7.638692 4.725405
 3773.000000 8.905014 3.672984
 3774.000000 8.869045 4.061277
 3775.000000 8.480576 3.766352
 3776.000000 8.207832 3.309815
 3777.000000 8.078355 3.198328
 3778.000000 8.270285 3.411214
 3779.000000 7.698849 3.453724
 3780.000000 8.138329 3.402778
 3781.000000 7.917195 4.200989
 3782.000000 7.898372 3.297221
 3783.000000 6.589257 3.732457
 3784.000000 7.756587 3.740270
 3785.000000 8.606097 3.927926
 3786.000000 7.861486 3.683649
 3787.000000 8.427800 3.800348
 3788.000000 8.222403 3.866855
 3789.000000 6.564670 3.652886
 3790.000000 7.019424 3.770491
 3791.000000 6.776258 3.069477
 3792.000000 7.890041 3.063182
 3793.000000 7.020799 2.932397
 3794.000000 7.590658 3.037571
 3795.000000 7.007015 2.990042
 3796.000000 6.884108 3.197182
 3797.000000 6.662171 3.226813
 3798.000000 8.396453 4.090688
 3799.000000 6.873199 3.051868
 3800.000000 7.331504 3.787493
 3801.000000 7.052783 3.714655
 3802.000000 8.069844 3.773458
 3803.000000 7.909904 3.938176
 3804.000000 6.862265 3.583884
 3805.000000 7.300054 3.447158
 3806.000000 7.160074 3.440587
 3807.000000 7.441630 4.483392
 3808.000000 7.244447 4.409816
 3809.000000 8.610089 4.890786
 3810.000000 8.136982 4.371661
 3811.000000 7.397982 4.363442
 3812.000000 7.113176 3.770558
 3813.000000 6.697293 2.830777
 3814.000000 6.311724 2.475010
 3815.000000 7.535610 3.285072
 3816.000000 8.270653 3.372139
 3817.000000 7.588258 3.187148
 3818.000000 7.139878 3.294054
 3819.000000 7.782751 3.836694
 3820.000000 7.688836 3.472862
 3821.000000 7.018076 2.333249
 3822.000000 6.966992 2.227811
 3823.000000 7.136081 2.438032
 3824.000000 7.555812 2.311378
 3825.000000 7.952055 1.618069
 3826.000000 8.273894 1.599756
 3827.000000 7.760637 1.820198
 3828.000000 7.946751 1.275843
 3829.000000 6.756550 2.333614
 3830.000000 6.878120 2.242244
 3831.000000 7.587318 1.998991
 3832.000000 6.966709 1.838715
 3833.000000 6.490158 2.464930
 3834.000000 6.318149 2.217261
 3835.000000 5.878109 1.702579
 3836.000000 5.804580 1.629333
 3837.000000 6.653147 1.671595
 3838.000000 6.491329 1.923362
 3839.000000 6.387591 1.723074
 3840.000000 5.946252 2.251831
 3841.000000 5.796397 1.802432
 3842.000000 5.113062 1.477506
 3843.000000 5.303134 0.925778
 3844.000000 6.530161 1.736636
 3845.000000 6.406245 1.933357
 3846.000000 7.890247 2.901808
 3847.000000 5.604764 1.015852
 3848.000000 6.875171 0.988759
 3849.000000 6.920253 0.323644
 3850.000000 5.895508 0.816724
 3851.000000 6.312463 0.692827
 3852.000000 7.694913 1.064394
 3853.000000 6.688302 0.918540
 3854.000000 5.262522 1.100777
 3855.000000 5.961374 0.911943
 3856.000000 5.664833 1.632953
 3857.000000 7.521649 0.921399
 3858.000000 7.326858 0.742877
 3859.000000 7.351998 0.960738
 3860.000000 7.118907 1.001792
 3861.000000 6.801531 1.709643
 3862.000000 7.370083 1.602244
 3863.000000 6.943997 0.556152
 3864.000000 7.010024 2.192457
 3865.000000 7.667050 1.863432
 3866.000000 7.505315 0.813991
 3867.000000 7.362239 0.378202
 3868.000000 6.704929 1.203887
 3869.000000 5.933433 1.214251
 3870.000000 5.945424 1.431574
 3871.000000 5.946465 1.159066
 3872.000000 6.820352 1.609816
 3873.000000 7.589762 0.996383
 3874.000000 6.884758 0.902262
 3875.000000 6.416111 1.170252
 3876.000000 6.044901 1.097263
 3877.000000 5.609788 0.795246
 3878.000000 6.682970 0.584131
 3879.000000 7.139141 0.968540
 3880.000000 7.026033 1.189214
 3881.000000 7.197054 1.871562
 3882.000000 7.227331 0.614415
 3883.000000 7.593762 1.127551
 3884.000000 7.150323 0.966147
 3885.000000 7.232736 1.009958
 3886.000000 6.640481 0.884770
 3887.000000 7.150061 0.785779
 3888.000000 5.364720 1.709631
 3889.000000 6.324776 1.958298
 3890.000000 7.757054 2.008815
 3891.000000 7.721653 1.105289
 3892.000000 7.438391 1.318345
 3893.000000 7.804129 1.915280
 3894.000000 7.669922 1.416034
 3895.000000 8.098845 1.514816
 3896.000000 8.005206 1.758959
 3897.000000 6.765238 1.927170
 3898.000000 7.672256 1.604599
 3899.000000 7.329207 1.627232
 3900.000000 7.711045 1.653920
 3901.000000 7.102151 1.994888
 3902.000000 7.287636 2.169823
 3903.000000 8.124188 2.184243
 3904.000000 7.253244 2.147272
 3905.000000 6.833363 1.813862
 3906.000000 6.123397 2.214570
 3907.000000 7.601202 2.370325
 3908.000000 6.872178 2.377208
 3909.000000 7.382107 1.655595
 3910.000000 6.884552 1.468656
 3911.000000 5.619622 1.277908
 3912.000000 5.611428 0.750548
 3913.000000 7.227497 1.727232
 3914.000000 7.365769 0.770314
 3915.000000 7.376122 0.847820
 3916.000000 5.790557 1.361883
 3917.000000 5.281711 1.796969
 3918.000000 6.248655 1.684221
 3919.000000 3.932843 1.375183
 3920.000000 4.863759 0.814405
 3921.000000 4.994338 1.990560
 3922.000000 6.152346 1.881267
 3923.000000 6.058931 1.436933
 3924.000000 6.115252 2.531936
 3925.000000 5.530130 2.058065
 3926.000000 6.523622 2.276451
 3927.000000 6.166011 2.461225
 3928.000000 5.170279 2.264041
 3929.000000 5.879887 2.367165
 3930.000000 5.961187 1.976211
 3931.000000 6.590367 3.093325
 3932.000000 6.121091 3.384811
 3933.000000 5.467873 3.434789
 3934.000000 5.198804 2.380356
 3935.000000 5.528426 1.978421
 3936.000000 5.324566 2.773247
 3937.000000 5.440678 2.561128
 3938.000000 6.051315 2.526918
 3939.000000 5.524003 2.051661
 3940.000000 5.092524 1.998383
 3941.000000 4.989689 1.552861
 3942.000000 4.940501 1.592595
 3943.000000 5.393713 1.659782
 3944.000000 6.242417 2.476751
 3945.000000 6.374422 2.028513
 3946.000000 5.170921 2.710074
 3947.000000 6.592348 2.573911
 3948.000000 7.550783 2.874327
 3949.000000 6.638494 1.890170
 3950.000000 5.275505 2.053778
 3951.000000 3.978403 1.923924
 3952.000000 4.995856 1.899947
 3953.000000 5.666191 2.706781
 3954.000000 5.101657 2.286384
 3955.000000 4.956636 2.439225
 3956.000000 4.608902 2.520243
 3957.000000 6.498367 2.619482
 3958.000000 6.779913 2.453840
 3959.000000 8.158650 2.676941
 3960.000000 7.948311 2.564563
 3961.000000 7.875811 2.836531
 3962.000000 8.204502 2.511504
 3963.000000 7.489963 2.864498
 3964.000000 7.989963 2.331098
 3965.000000 6.556100 3.109768
 3966.000000 7.079212 2.840287
 3967.000000 6.803363 2.846774
 3968.000000 5.340897 2.445240
 3969.000000 6.735148 2.347394
 3970.000000 7.079023 1.522634
 3971.000000 7.120523 1.479432
 3972.000000 7.296900 1.254491
 3973.000000 7.457479 2.099606
 3974.000000 6.702045 1.189798
 3975.000000 6.961267 1.515133
 3976.000000 6.457161 1.366664
 3977.000000 6.892498 1.291377
 3978.000000 7.393643 1.652110
 3979.000000 7.372358 1.189678
 3980.000000 7.949020 1.559849
 3981.000000 7.616221 2.209322
 3982.000000 7.931465 3.216123
 3983.000000 7.710864 2.510052
 3984.000000 7.369379 2.320181
 3985.000000 7.572113 2.105215
 3986.000000 7.200176 2.162255
 3987.000000 7.917958 2.777768
 3988.000000 7.801014 2.414776
 3989.000000 7.310663 2.582731
 3990.000000 7.340891 2.246831
 3991.000000 6.685710 1.911980
 3992.000000 6.914101 2.488122
 3993.000000 6.764500 1.778608
 3994.000000 5.361839 1.397325
 3995.000000 7.047188 1.568855
 3996.000000 6.495702 1.411993
 3997.000000 6.922229 2.686724
 3998.000000 6.758968 2.680449
 3999.000000 6.463091 2.917714
 4000.000000 6.491714 2.545298
 4001.000000 6.530088 2.966741
 4002.000000 6.040458 2.470913
 4003.000000 5.651714 2.378869
 4004.000000 7.627362 2.915051
 4005.000000 6.486829 2.740498
 4006.000000 6.185048 2.970704
 4007.000000 6.347412 1.691725
 4008.000000 6.682922 1.938667
 4009.000000 6.671829 1.564684
 4010.000000 6.974829 2.127290
 4011.000000 6.907985 1.495171
 4012.000000 7.532896 2.142555
 4013.000000 6.820366 1.925827
 4014.000000 6.326192 2.161153
 4015.000000 6.781088 1.935937
 4016.000000 6.338742 1.890474
 4017.000000 5.847532 1.905184
 4018.000000 7.236555 1.985543
 4019.000000 7.304742 1.858760
 4020.000000 7.175696 2.099805
 4021.000000 7.082781 2.087569
 4022.000000 7.923423 2.522337
 4023.000000 7.056299 2.331520
 4024.000000 6.041980 1.382475
 4025.000000 6.934360 1.998368
 4026.000000 6.853603 1.660365
 4027.000000 6.937851 1.266446
 4028.000000 6.747059 1.972073
 4029.000000 6.640750 1.703456
 4030.000000 6.489915 1.677061
 4031.000000 6.907365 1.849091
 4032.000000 6.804260 1.873390
 4033.000000 5.868439 1.528559
 4034.000000 7.118886 2.020209
 4035.000000 6.149382 1.667051
 4036.000000 5.627720 1.940316
 4037.000000 6.726002 1.364589
 4038.000000 6.934261 1.410162
 4039.000000 7.268332 2.586955
 4040.000000 7.630750 2.290421
 4041.000000 7.184396 2.466158
 4042.000000 7.768855 2.094145
 4043.000000 6.845389 1.628595
 4044.000000 6.909625 1.161986
 4045.000000 7.295466 1.974658
 4046.000000 7.825694 1.930394
 4047.000000 7.315859 2.131162
 4048.000000 6.582755 1.514713
 4049.000000 7.078921 2.219569
 4050.000000 7.496492 1.844536
 4051.000000 7.149615 2.197112
 4052.000000 6.643149 1.775574
 4053.000000 6.590341 1.771559
 4054.000000 6.777352 1.819633
 4055.000000 6.921532 1.983361
 4056.000000 7.073448 1.986277
 4057.000000 6.453629 1.606865
 4058.000000 6.821232 2.764988
 4059.000000 7.467419 1.784256
 4060.000000 7.677598 1.973730
 4061.000000 6.680799 1.975655
 4062.000000 6.658028 1.780852
 4063.000000 6.268658 2.247302
 4064.000000 6.316355 1.715748
 4065.000000 6.003658 2.009591
 4066.000000 6.727815 2.090358
 4067.000000 6.107515 2.044789
 4068.000000 6.548901 2.682122
 4069.000000 7.894946 1.687489
 4070.000000 5.432560 1.948630
 4071.000000 4.818892 1.608956
 4072.000000 4.800136 1.667759
 4073.000000 4.232667 2.261206
 4074.000000 5.050368 2.235816
 4075.000000 4.203340 1.830180
 4076.000000 4.400871 1.985547
 4077.000000 5.441480 2.547876
 4078.000000 5.028995 1.658232
 4079.000000 5.849243 2.356527
 4080.000000 5.491441 2.359399
 4081.000000 4.449896 1.976625
 4082.000000 5.431041 1.826817
 4083.000000 4.725823 1.819223
 4084.000000 4.553469 2.186111
 4085.000000 5.074120 2.106392
 4086.000000 3.789293 2.131141
 4087.000000 5.723352 1.715132
 4088.000000 5.333264 2.256815
 4089.000000 4.379115 2.200890
 4090.000000 4.749475 1.719600
 4091.000000 5.691533 1.818821
 4092.000000 5.606954 1.251109
 4093.000000 5.430737 1.347265
 4094.000000 6.091267 1.728380
 4095.000000 5.655223 1.679496
 4096.000000 5.242733 2.030138
 4097.000000 4.685961 1.851969
 4098.000000 5.827225 1.897193
 4099.000000 6.568921 2.172335
 4100.000000 5.521200 2.501751
 4101.000000 5.556982 2.170637
 4102.000000 5.959094 2.522472
 4103.000000 6.077826 2.006206
 4104.000000 5.219639 1.739959
 4105.000000 5.142756 2.126022
 4106.000000 5.826595 2.066360
 4107.000000 6.221874 2.663497
 4108.000000 5.961870 2.185580
 4109.000000 6.084385 2.057913
 4110.000000 6.113062 2.066613
 4111.000000 6.492698 2.128883
 4112.000000 5.463788 1.830009
 4113.000000 6.715013 2.256978
 4114.000000 4.375063 1.697717
 4115.000000 5.431781 2.031295
 4116.000000 5.602938 1.633042
 4117.000000 5.067115 2.252243
 4118.000000 4.573066 1.748359
 4119.000000 5.379067 1.828689
 4120.000000 5.388275 1.417557
 4121.000000 5.838326 1.943192
 4122.000000 5.640740 2.223669
 4123.000000 5.792872 2.565401
 4124.000000 5.373023 2.603361
 4125.000000 6.101074 2.244878
 4126.000000 5.459472 2.497351
 4127.000000 5.249296 2.491317
 4128.000000 5.196902 2.505490
 4129.000000 5.536556 2.450022
 4130.000000 5.690152 2.508932
 4131.000000 4.529792 2.543294
 4132.000000 4.956360 1.523220
 4133.000000 4.462658 1.884133
 4134.000000 4.440141 1.277247
 4135.000000 4.261940 1.549789
 4136.000000 4.318449 2.028735
 4137.000000 7.143356 3.239180
 4138.000000 6.390734 3.125016
 4139.000000 7.027025 2.281515
 4140.000000 6.716556 2.880659
 4141.000000 5.938308 2.750427
 4142.000000 6.209149 2.876860
 4143.000000 7.598820 2.607444
 4144.000000 7.202641 3.375248
 4145.000000 6.753816 4.120432
 4146.000000 7.547996 4.254466
 4147.000000 6.087885 2.884128
 4148.000000 7.620497 4.331013
 4149.000000 7.468308 4.331838
 4150.000000 7.334465 4.072622
 4151.000000 7.260386 4.177634
 4152.000000 6.952315 4.306838
 4153.000000 7.117904 4.575197
 4154.000000 6.124160 4.219178
 4155.000000 7.240902 5.592782
 4156.000000 6.582295 5.084192
 4157.000000 7.109728 5.387671
 4158.000000 6.521038 4.096409
 4159.000000 7.443439 4.486074
 4160.000000 7.325200 4.207987
 4161.000000 7.582593 4.281439
 4162.000000 7.663272 4.944473
 4163.000000 7.254615 4.547507
 4164.000000 7.891615 3.422493
 4165.000000 7.928819 3.672228
 4166.000000 7.682793 3.284902
 4167.000000 8.219042 3.584004
 4168.000000 7.535947 3.590930
 4169.000000 7.782111 3.392974
 4170.000000 7.753499 3.655998
 4171.000000 6.133484 3.813052
 4172.000000 6.677331 3.790219
 4173.000000 6.390176 3.424956
 4174.000000 6.965156 4.002299
 4175.000000 5.234090 3.064630
 4176.000000 5.222376 2.767552
 4177.000000 5.927630 3.557314
 4178.000000 5.082912 3.186334
 4179.000000 4.406955 2.576667
 4180.000000 6.190809 4.017656
 4181.000000 5.141544 3.305609
 4182.000000 6.054751 4.193583
 4183.000000 5.432119 3.142912
 4184.000000 5.448138 3.707920
 4185.000000 6.085624 4.324520
 4186.000000 6.899553 4.951126
 4187.000000 6.280499 4.277672
 4188.000000 6.730145 3.921572
 4189.000000 6.499933 3.674392
 4190.000000 6.704069 4.310671
 4191.000000 5.312548 3.468179
 4192.000000 5.069540 3.405970
 4193.000000 5.663710 4.495705
 4194.000000 6.055259 4.879899
 4195.000000 6.386033 4.801118
 4196.000000 5.319391 4.244512
 4197.000000 6.134346 4.479472
 4198.000000 6.344225 3.277939
 4199.000000 5.716231 3.437195
 4200.000000 6.468734 3.579409
 4201.000000 5.388915 3.106581
 4202.000000 6.918158 4.116462
 4203.000000 5.183476 3.694682
 4204.000000 6.292422 3.783995
 4205.000000 5.429373 3.218045
 4206.000000 5.788056 4.325028
 4207.000000 5.827890 2.562795
 4208.000000 4.558272 2.002076
 4209.000000 5.176162 2.336458
 4210.000000 4.408490 2.451190
 4211.000000 4.839782 2.450551
 4212.000000 5.644402 2.592355
 4213.000000 5.142971 2.305480
 4214.000000 5.518643 2.546668
 4215.000000 5.341805 2.768629
 4216.000000 5.057210 2.613317
 4217.000000 5.428891 2.368992
 4218.000000 4.724102 2.665346
 4219.000000 5.001124 2.629786
 4220.000000 5.501161 2.368207
 4221.000000 6.533356 2.829003
 4222.000000 5.657176 1.718018
 4223.000000 5.482157 1.563077
 4224.000000 6.402506 1.623219
 4225.000000 6.057631 2.313858
 4226.000000 6.360359 1.489224
 4227.000000 6.448462 1.505308
 4228.000000 6.485118 1.540675
 4229.000000 6.765881 1.352870
 4230.000000 7.148150 1.630804
 4231.000000 5.649898 1.386198
 4232.000000 6.239702 1.857798
 4233.000000 6.048743 1.165751
 4234.000000 7.096502 1.419252
 4235.000000 6.870923 2.453862
 4236.000000 6.807056 2.430665
 4237.000000 6.347265 2.437310
 4238.000000 6.359579 2.357379
 4239.000000 5.751938 2.449840
 4240.000000 5.849695 2.200926
 4241.000000 4.470801 2.700004
 4242.000000 4.517426 2.725650
 4243.000000 5.537760 2.706548
 4244.000000 6.015356 2.657447
 4245.000000 6.444272 1.881197
 4246.000000 7.299152 1.467898
 4247.000000 6.634577 1.689111
 4248.000000 6.141185 2.108874
 4249.000000 6.714608 2.229168
 4250.000000 6.022729 1.392875
 4251.000000 6.466422 1.569264
 4252.000000 6.573182 1.512027
 4253.000000 6.077962 1.925748
 4254.000000 5.977723 1.338805
 4255.000000 5.862249 1.305637
 4256.000000 5.404947 1.209672
 4257.000000 5.944511 1.214189
 4258.000000 5.064158 1.675339
 4259.000000 6.915710 1.775652
 4260.000000 6.235322 1.799826
 4261.000000 6.608692 1.387990
 4262.000000 5.710493 1.654288
 4263.000000 6.054581 1.280587
 4264.000000 5.915895 1.558924
 4265.000000 5.367095 1.088371
 4266.000000 5.420576 1.636555
 4267.000000 5.711126 1.635473
 4268.000000 5.898668 1.758098
 4269.000000 5.289811 1.463382
 4270.000000 6.196314 1.715840
 4271.000000 5.673565 1.112943
 4272.000000 6.155106 2.118317
 4273.000000 5.143469 1.077198
 4274.000000 5.797431 1.750687
 4275.000000 6.098862 1.602382
 4276.000000 5.638426 1.509414
 4277.000000 4.514900 1.358907
 4278.000000 4.748480 1.326782
 4279.000000 5.068565 1.851391
 4280.000000 5.631252 1.210000
 4281.000000 5.453779 2.164648
 4282.000000 6.298584 1.911997
 4283.000000 6.075493 1.353050
 4284.000000 6.292074 1.393963
 4285.000000 5.526499 1.314490
 4286.000000 6.454473 1.989206
 4287.000000 6.603331 1.908001
 4288.000000 5.889618 1.676419
 4289.000000 5.630742 1.395931
 4290.000000 5.959089 1.191995
 4291.000000 5.759230 1.267312
 4292.000000 6.131068 2.502845
 4293.000000 5.606906 2.170650
 4294.000000 6.394324 2.623727
 4295.000000 6.031026 2.606641
 4296.000000 6.001630 2.774033
 4297.000000 6.104283 2.719810
 4298.000000 6.772644 2.611946
 4299.000000 6.890915 2.531504
 4300.000000 6.498055 2.665320
 4301.000000 6.204133 1.440972
 4302.000000 6.311051 1.472575
 4303.000000 6.693958 1.176317
 4304.000000 6.892511 1.764205
 4305.000000 6.245330 0.805819
 4306.000000 6.406905 2.682225
 4307.000000 6.358316 3.553992
 4308.000000 7.081310 3.726066
 4309.000000 5.195650 3.298081
 4310.000000 5.687178 2.862571
 4311.000000 6.080814 2.191345
 4312.000000 5.854502 2.914380
 4313.000000 5.698179 2.163034
 4314.000000 6.323725 2.310875
 4315.000000 5.816050 2.462131
 4316.000000 5.315985 2.893651
 4317.000000 5.597453 2.868197
 4318.000000 5.939528 2.546052
 4319.000000 5.521170 2.704690
 4320.000000 5.221837 2.257572
 4321.000000 6.082064 2.479694
 4322.000000 6.018954 3.366597
 4323.000000 6.639910 3.270224
 4324.000000 6.095635 3.603872
 4325.000000 5.472137 3.376649
 4326.000000 6.278128 3.378535
 4327.000000 6.412920 2.885772
 4328.000000 5.991942 2.542930
 4329.000000 5.316114 2.892352
 4330.000000 7.401312 1.877774
 4331.000000 7.254738 1.688015
 4332.000000 6.961659 1.788032
 4333.000000 7.515242 1.412941
 4334.000000 7.407522 1.762887
 4335.000000 7.386137 1.533292
 4336.000000 7.292011 1.426061
 4337.000000 7.264445 2.425199
 4338.000000 7.177379 2.489131
 4339.000000 7.325836 2.405134
 4340.000000 5.937436 2.275578
 4341.000000 7.069957 2.512514
 4342.000000 6.495889 2.814567
 4343.000000 6.529582 2.612731
 4344.000000 6.947718 2.653051
 4345.000000 7.534785 1.653612
 4346.000000 7.429924 1.481772
 4347.000000 5.768647 1.506931
 4348.000000 5.955893 1.614298
 4349.000000 7.075176 1.719214
 4350.000000 5.681426 1.045071
 4351.000000 7.542197 0.902627
 4352.000000 7.285764 0.822476
 4353.000000 6.927951 1.211538
 4354.000000 7.160484 2.160603
 4355.000000 6.650501 1.479531
 4356.000000 6.210023 1.124869
 4357.000000 6.900473 1.351294
 4358.000000 6.315890 0.672669
 4359.000000 5.195560 0.820500
 4360.000000 4.693496 1.027848
 4361.000000 5.595543 0.943961
 4362.000000 5.030062 0.756509
 4363.000000 5.590207 0.730688
 4364.000000 5.890954 0.956608
 4365.000000 4.789163 1.208941
 4366.000000 4.958766 1.099346
 4367.000000 6.856494 1.461452
 4368.000000 7.416283 1.586817
 4369.000000 7.097151 1.466997
 4370.000000 6.088634 1.740044
 4371.000000 6.266779 1.305195
 4372.000000 6.770515 1.869015
 4373.000000 6.859117 1.911067
 4374.000000 6.219591 1.701680
 4375.000000 5.414280 1.160483
 4376.000000 5.158695 1.532534
 4377.000000 5.236733 1.521488
 4378.000000 5.210121 1.616166
 4379.000000 5.702949 2.058479
 4380.000000 5.631415 1.985114
 4381.000000 5.735648 2.046648
 4382.000000 5.756190 2.745716
 4383.000000 5.706203 2.660401
 4384.000000 5.440472 2.592036
 4385.000000 6.180248 2.164436
 4386.000000 5.451605 1.296170
 4387.000000 5.244919 1.456082
 4388.000000 5.985772 1.073364
 4389.000000 6.145952 1.672083
 4390.000000 6.326514 1.748071
 4391.000000 5.829896 2.598313
 4392.000000 6.529248 2.822582
 4393.000000 6.678590 2.864606
 4394.000000 7.242987 2.928077
 4395.000000 6.526159 2.438883
 4396.000000 7.256960 2.694158
 4397.000000 7.396116 2.535551
 4398.000000 7.257778 2.507689
 4399.000000 7.041766 2.696597
 4400.000000 6.786398 2.819524
 4401.000000 6.155355 2.515222
 4402.000000 7.140647 2.294886
 4403.000000 5.904710 2.465483
 4404.000000 5.627659 2.479663
 4405.000000 5.342689 1.510584
 4406.000000 5.758777 1.564550
 4407.000000 6.388977 1.287387
 4408.000000 5.439600 1.818908
 4409.000000 5.513012 1.373862
 4410.000000 6.048694 1.198406
 4411.000000 6.032414 1.675866
 4412.000000 6.087539 1.016898
 4413.000000 6.025158 1.973143
 4414.000000 5.640264 1.901379
 4415.000000 5.419880 1.473766
 4416.000000 6.279426 1.401707
 4417.000000 6.763442 1.452983
 4418.000000 5.709616 1.953464
 4419.000000 5.792443 1.610730
 4420.000000 6.384273 1.681244
 4421.000000 6.304718 1.687166
 4422.000000 5.902506 1.861487
 4423.000000 6.081389 1.639044
 4424.000000 5.726573 1.945953
 4425.000000 5.381944 1.618337
 4426.000000 5.229696 1.478794
 4427.000000 5.638683 2.096590
 4428.000000 5.926709 1.788284
 4429.000000 6.089898 1.665341
 4430.000000 6.828527 1.546219
 4431.000000 5.786769 1.597147
 4432.000000 6.854195 1.857355
 4433.000000 6.340236 2.152720
 4434.000000 6.089669 1.270269
 4435.000000 6.098921 2.464549
 4436.000000 5.968718 1.263228
 4437.000000 6.289339 1.529179
 4438.000000 6.685185 1.418111
 4439.000000 6.129610 1.620067
 4440.000000 6.666356 2.305237
 4441.000000 6.365827 1.034465
 4442.000000 6.080493 1.691396
 4443.000000 4.489460 1.721655
 4444.000000 5.297821 1.621878
 4445.000000 4.761328 0.908087
 4446.000000 5.184429 1.598434
 4447.000000 4.754925 1.337448
 4448.000000 5.324817 1.658355
 4449.000000 5.785439 1.564272
 4450.000000 4.750411 1.759965
 4451.000000 6.236072 1.680122
 4452.000000 5.757813 1.115449
 4453.000000 4.990544 1.465761
 4454.000000 6.306716 1.491389
 4455.000000 6.889690 2.351836
 4456.000000 7.005228 1.416079
 4457.000000 7.232290 1.510429
 4458.000000 6.721319 1.239170
 4459.000000 6.375780 1.620686
 4460.000000 6.521098 1.684820
 4461.000000 7.198199 1.402792
 4462.000000 6.319728 1.375530
 4463.000000 4.514156 1.157922
 4464.000000 4.087883 1.853072
 4465.000000 4.220728 1.991338
 4466.000000 5.768543 1.370168
 4467.000000 5.537696 1.509735
 4468.000000 6.103936 1.367805
 4469.000000 6.315918 1.989682
 4470.000000 6.687812 2.549446
 4471.000000 5.868707 2.000627
 4472.000000 5.929928 1.827604
 4473.000000 6.856424 2.278570
 4474.000000 4.758060 2.619048
 4475.000000 4.393147 2.552391
 4476.000000 5.346372 2.495939
 4477.000000 4.505275 2.619987
 4478.000000 4.113279 2.233033
 4479.000000 3.754570 1.832388
 4480.000000 3.925830 1.082545
 4481.000000 3.134204 1.585742
 4482.000000 3.689418 1.571925
 4483.000000 3.907256 1.321284
 4484.000000 4.501506 1.097961
 4485.000000 3.043647 1.399063
 4486.000000 4.085582 1.284415
 4487.000000 3.478259 1.225129
 4488.000000 3.940301 1.297974
 4489.000000 4.650548 1.678912
 4490.000000 3.728021 1.346252
 4491.000000 4.054783 1.922707
 4492.000000 4.371860 1.861060
 4493.000000 4.212052 1.390996
 4494.000000 4.307681 1.351511
 4495.000000 3.785983 1.566766
 4496.000000 4.620335 0.889277
 4497.000000 3.758150 2.117900
 4498.000000 4.088474 1.335514
 4499.000000 3.782673 0.852091
 4500.000000 4.645933 1.653631
 4501.000000 4.421743 1.534093
 4502.000000 4.287467 1.543578
 4503.000000 4.386139 1.329792
 4504.000000 4.430598 1.454593
 4505.000000 4.699764 1.305906
 4506.000000 4.717860 1.735647
 4507.000000 4.596053 1.641869
 4508.000000 4.660129 1.641482
 4509.000000 4.908013 1.407701
 4510.000000 4.137432 1.619470
 4511.000000 4.237222 1.167084
 4512.000000 3.833521 1.045559
 4513.000000 4.024879 1.701443
 4514.000000 4.983546 0.977429
 4515.000000 5.085147 1.424280
 4516.000000 5.495389 2.276748
 4517.000000 5.853351 2.148157
 4518.000000 5.595303 2.350818
 4519.000000 5.522061 2.172813
 4520.000000 5.707816 2.378012
 4521.000000 3.092963 1.206530
 4522.000000 3.257698 1.681721
 4523.000000 4.568959 1.296042
 4524.000000 4.347172 1.404473
 4525.000000 4.082966 1.196478
 4526.000000 3.738146 1.114433
 4527.000000 3.081534 1.577946
 4528.000000 4.183295 1.839334
 4529.000000 4.344478 1.946433
 4530.000000 4.806994 1.705211
 4531.000000 5.656301 1.112301
 4532.000000 5.340930 1.501896
 4533.000000 4.759595 1.371450
 4534.000000 5.282038 1.594954
 4535.000000 4.953098 1.684860
 4536.000000 5.376504 1.041202
 4537.000000 5.146306 1.190158
 4538.000000 4.184873 1.206599
 4539.000000 4.837495 1.473045
 4540.000000 5.176825 1.133652
 4541.000000 5.135743 1.687029
 4542.000000 5.531503 1.355853
 4543.000000 5.139674 1.349212
 4544.000000 5.072186 1.928153
 4545.000000 4.624186 2.257164
 4546.000000 4.459553 1.613629
 4547.000000 4.434153 1.486067
 4548.000000 4.253951 1.522850
 4549.000000 4.421034 1.562803
 4550.000000 4.705248 1.083909
 4551.000000 5.369497 1.530195
 4552.000000 4.776504 1.830902
 4553.000000 5.439490 1.156566
 4554.000000 5.697268 1.085979
 4555.000000 4.383948 1.540903
 4556.000000 4.338003 1.301271
 4557.000000 5.923535 1.244664
 4558.000000 5.614527 1.697668
 4559.000000 6.186042 1.278892
 4560.000000 6.098800 1.603510
 4561.000000 5.497033 1.369115
 4562.000000 5.169869 1.344562
 4563.000000 5.687826 1.175882
 4564.000000 5.516551 1.395414
 4565.000000 5.904936 1.210772
 4566.000000 5.290598 1.293477
 4567.000000 5.998905 1.126633
 4568.000000 5.212435 1.782038
 4569.000000 5.718864 1.059900
 4570.000000 5.294951 1.510960
 4571.000000 5.481135 1.579363
 4572.000000 5.809353 1.647506
 4573.000000 4.127623 2.397256
 4574.000000 3.866319 2.772655
 4575.000000 5.337789 2.726600
 4576.000000 4.991463 2.643700
 4577.000000 4.847834 2.720511
 4578.000000 5.259779 2.728967
 4579.000000 4.730127 2.685169
 4580.000000 5.348069 2.860820
 4581.000000 5.189439 3.021715
 4582.000000 4.881568 2.756486
 4583.000000 4.121324 2.937412
 4584.000000 5.809395 2.657158
 4585.000000 5.497537 2.584842
 4586.000000 5.373804 2.670599
 4587.000000 4.400562 2.740516
 4588.000000 3.541815 3.473066
 4589.000000 4.593025 3.499973
 4590.000000 4.967870 3.387587
 4591.000000 4.567294 3.534182
 4592.000000 5.035875 3.362164
 4593.000000 4.419835 3.468934
 4594.000000 4.558080 3.499302
 4595.000000 4.672727 2.937168
 4596.000000 5.285614 3.642912
 4597.000000 5.261351 3.516758
 4598.000000 5.258614 3.154146
 4599.000000 5.231276 3.691244
 4600.000000 4.930826 3.769679
 4601.000000 4.739196 3.522761
 4602.000000 4.833233 3.429682
 4603.000000 5.278871 3.606793
 4604.000000 5.788770 3.403359
 4605.000000 5.429086 3.167879
 4606.000000 5.356024 3.393883
 4607.000000 5.358532 2.746757
 4608.000000 4.433727 2.720921
 4609.000000 3.802041 3.153664
 4610.000000 3.990910 2.841164
 4611.000000 2.992428 2.518409
 4612.000000 3.030835 2.648493
 4613.000000 5.498368 3.323500
 4614.000000 5.755959 3.670575
 4615.000000 3.970568 3.456958
 4616.000000 4.675486 3.347445
 4617.000000 3.757717 3.706857
 4618.000000 4.507571 3.058902
 4619.000000 4.650507 3.540016
 4620.000000 4.762171 3.764249
 4621.000000 5.520153 3.535927
 4622.000000 3.536672 3.306961
 4623.000000 3.979390 3.618730
 4624.000000 5.675479 3.615904
 4625.000000 4.881587 3.660239
 4626.000000 6.449311 3.373548
 4627.000000 6.252331 2.707564
 4628.000000 5.640730 2.502119
 4629.000000 4.975034 2.663566
 4630.000000 5.146035 2.266917
 4631.000000 5.189663 2.452541
 4632.000000 5.884250 2.647984
 4633.000000 5.417776 2.716708
 4634.000000 4.986387 2.700242
 4635.000000 3.797160 2.636839
 4636.000000 4.821426 2.327263
 4637.000000 3.936880 2.798256
 4638.000000 5.517759 2.566993
 4639.000000 4.330136 2.523546
 4640.000000 3.766154 2.421920
 4641.000000 4.485075 2.694531
 4642.000000 5.515328 2.279017
 4643.000000 5.434782 3.324010
 4644.000000 4.881710 3.420087
 4645.000000 5.403632 3.923377
 4646.000000 5.974058 3.319421
 4647.000000 4.891790 2.982021
 4648.000000 4.361165 3.076972
 4649.000000 5.062334 3.231035
 4650.000000 4.546668 3.085133
 4651.000000 5.514637 2.546512
 4652.000000 6.118561 3.597266
 4653.000000 6.168164 4.077724
 4654.000000 5.411075 3.405129
 4655.000000 5.813772 3.076810
 4656.000000 6.924570 3.564209
 4657.000000 5.323844 3.670623
 4658.000000 5.979030 4.158410
 4659.000000 6.087127 4.053361
 4660.000000 5.503163 4.438429
 4661.000000 4.930875 4.094088
 4662.000000 4.937986 4.262503
 4663.000000 5.336001 3.904868
 4664.000000 4.486316 4.089579
 4665.000000 4.820024 4.182614
 4666.000000 5.324643 4.015396
 4667.000000 5.196899 4.320683
 4668.000000 4.962319 4.343343
 4669.000000 6.059958 4.262866
 4670.000000 5.728622 4.483552
 4671.000000 5.324574 4.360374
 4672.000000 5.020328 4.055457
 4673.000000 4.864998 4.200898
 4674.000000 4.640409 3.081695
 4675.000000 5.212664 3.400947
 4676.000000 4.691898 3.253009
 4677.000000 4.062264 3.206029
 4678.000000 4.051680 3.105382
 4679.000000 5.147323 4.330597
 4680.000000 5.497376 4.255653
 4681.000000 5.666622 4.539506
 4682.000000 5.382563 4.458550
 4683.000000 4.992388 4.207821
 4684.000000 5.180177 4.473077
 4685.000000 5.511527 4.564993
 4686.000000 4.189463 4.317804
 4687.000000 3.964515 4.394168
 4688.000000 3.762199 4.157489
 4689.000000 4.347541 4.290594
 4690.000000 3.823521 4.388636
 4691.000000 4.016440 4.306362
 4692.000000 4.281711 4.391404
 4693.000000 3.961240 4.342955
 4694.000000 4.711293 4.147059
 4695.000000 4.472128 4.008517
 4696.000000 4.090222 4.476945
 4697.000000 5.467890 4.565832
 4698.000000 4.608119 4.192388
 4699.000000 4.318721 4.099994
 4700.000000 5.147793 4.291308
 4701.000000 5.124664 5.383777
 4702.000000 4.915318 5.185795
 4703.000000 4.237281 5.291538
 4704.000000 3.557190 5.071251
 4705.000000 4.812670 5.293802
 4706.000000 4.550439 5.235235
 4707.000000 5.226973 5.554066
 4708.000000 4.007942 5.660154
 4709.000000 4.478880 6.124360
 4710.000000 4.641466 6.179580
 4711.000000 4.452580 5.862256
 4712.000000 3.842769 6.033035
 4713.000000 4.669202 5.887396
 4714.000000 3.959347 5.929106
 4715.000000 4.096245 5.938099
 4716.000000 4.284820 5.697199
 4717.000000 4.245764 6.016863
 4718.000000 4.359811 5.512930
 4719.000000 4.277064 5.465847
 4720.000000 4.321249 5.405914
 4721.000000 4.501573 5.488677
 4722.000000 3.448732 5.070787
 4723.000000 4.290590 5.458396
 4724.000000 5.057625 5.577472
 4725.000000 4.265593 5.296066
 4726.000000 4.156218 5.468684
 4727.000000 4.588127 5.575104
 4728.000000 3.749180 5.767741
 4729.000000 4.542406 5.200815
 4730.000000 4.407196 5.702662
 4731.000000 4.003904 5.109236
 4732.000000 5.039341 5.763031
 4733.000000 5.004640 6.160672
 4734.000000 5.011495 6.067094
 4735.000000 4.824697 6.117237
 4736.000000 4.863287 6.143002
 4737.000000 4.258051 5.543697
 4738.000000 4.490856 6.245755
 4739.000000 3.368343 5.048347
 4740.000000 3.869324 5.581303
 4741.000000 3.405948 4.105591
 4742.000000 4.644728 4.116378
 4743.000000 4.330204 4.339389
 4744.000000 5.943462 4.052904
 4745.000000 6.668550 3.745929
 4746.000000 6.029258 4.342568
 4747.000000 6.104860 4.831261
 4748.000000 5.515868 5.360233
 4749.000000 5.902818 5.693500
 4750.000000 5.762334 5.384218
 4751.000000 5.897135 5.118507
 4752.000000 6.549241 4.964896
 4753.000000 6.486075 5.444107
 4754.000000 6.152041 5.201207
 4755.000000 6.012224 5.354973
 4756.000000 5.891053 5.073406
 4757.000000 5.971538 5.391235
 4758.000000 5.894344 5.439541
 4759.000000 6.128414 5.696378
 4760.000000 5.628087 5.376331
 4761.000000 6.129320 6.010104
 4762.000000 5.817332 6.270969
 4763.000000 6.077680 5.791054
 4764.000000 5.161832 5.524875
 4765.000000 6.380230 5.907755
 4766.000000 6.079911 6.255315
 4767.000000 4.963034 6.219520
 4768.000000 4.997864 5.377026
 4769.000000 5.180528 4.996395
 4770.000000 5.511834 5.142904
 4771.000000 5.175595 5.320872
 4772.000000 5.055769 5.223117
 4773.000000 4.614314 5.389279
 4774.000000 4.532628 5.217741
 4775.000000 4.679150 4.663981
 4776.000000 4.599878 4.924033
 4777.000000 5.477737 6.189746
 4778.000000 6.051496 5.983005
 4779.000000 4.674254 5.679658
 4780.000000 5.071323 6.317994
 4781.000000 4.635638 5.817802
 4782.000000 5.271009 5.817606
 4783.000000 5.645322 4.989143
 4784.000000 5.954243 5.920091
 4785.000000 5.578767 5.418903
 4786.000000 6.464096 5.735201
 4787.000000 6.867027 5.866162
 4788.000000 6.495554 5.146351
 4789.000000 6.350401 4.646049
 4790.000000 5.564504 4.500073
 4791.000000 6.368109 4.775709
 4792.000000 6.250949 4.617307
 4793.000000 5.632600 3.565513
 4794.000000 6.667737 5.556257
 4795.000000 6.453854 5.783181
 4796.000000 5.578558 5.643095
 4797.000000 6.805932 5.970297
 4798.000000 6.929043 6.218242
 4799.000000 5.979109 6.053199
 4800.000000 6.200572 6.337474
 4801.000000 6.690735 6.031958
 4802.000000 5.884103 5.834453
 4803.000000 5.730355 5.186929
 4804.000000 5.879157 4.558641
 4805.000000 5.339708 4.935528
 4806.000000 5.705961 4.808677
 4807.000000 5.543196 5.113752
 4808.000000 5.800170 5.376775
 4809.000000 4.154803 4.858649
 4810.000000 5.811070 5.067129
 4811.000000 5.601828 4.907163
 4812.000000 5.761013 5.545193
 4813.000000 5.767823 4.857549
 4814.000000 6.140254 5.252338
 4815.000000 6.498916 5.605650
 4816.000000 6.127476 5.180951
 4817.000000 6.842169 5.727601
 4818.000000 7.074211 5.644438
 4819.000000 6.096200 5.602881
 4820.000000 6.284662 5.395690
 4821.000000 6.916163 5.411156
 4822.000000 6.608265 4.725157
 4823.000000 6.969570 5.580860
 4824.000000 6.663868 5.303468
 4825.000000 7.141959 5.651014
 4826.000000 5.779846 5.500936
 4827.000000 5.444047 5.157979
 4828.000000 5.277556 4.594924
 4829.000000 6.262983 5.300644
 4830.000000 6.465713 5.248475
 4831.000000 5.434910 5.395247
 4832.000000 6.268638 5.223950
 4833.000000 6.470363 4.836354
 4834.000000 6.693720 5.739091
 4835.000000 6.185104 4.985768
 4836.000000 6.573630 5.935706
 4837.000000 7.256890 5.755905
 4838.000000 6.905942 5.700288
 4839.000000 6.799539 6.061736
 4840.000000 6.895367 5.968634
 4841.000000 7.271304 5.574243
 4842.000000 7.367871 4.594796
 4843.000000 6.999526 4.719446
 4844.000000 6.509455 5.200544
 4845.000000 6.288830 5.046471
 4846.000000 5.953572 3.717511
 4847.000000 5.756962 4.048357
 4848.000000 5.384267 3.530630
 4849.000000 5.674499 2.816743
 4850.000000 5.889540 3.536762
 4851.000000 5.466323 3.406605
 4852.000000 5.483560 3.697287
 4853.000000 6.247381 3.734033
 4854.000000 6.176152 4.032602
 4855.000000 5.410158 3.805614
 4856.000000 5.576828 4.175917
 4857.000000 5.894859 3.719367
 4858.000000 6.405406 4.010873
 4859.000000 5.790714 3.853387
 4860.000000 5.357332 4.195238
 4861.000000 5.555316 4.129975
 4862.000000 5.993065 4.000960
 4863.000000 5.786433 4.034915
 4864.000000 5.827150 3.862516
 4865.000000 5.067074 4.280638
 4866.000000 5.945959 4.146218
 4867.000000 4.815908 3.561042
 4868.000000 5.624202 4.606802
 4869.000000 5.191886 4.549962
 4870.000000 5.030908 4.482865
 4871.000000 4.606157 4.333413
 4872.000000 5.633923 5.283956
 4873.000000 4.103531 4.781599
 4874.000000 4.480378 4.975630
 4875.000000 3.638050 4.758912
 4876.000000 4.367956 4.309296
 4877.000000 4.117367 4.706716
 4878.000000 3.462455 4.470817
 4879.000000 4.475275 4.341414
 4880.000000 5.659632 4.523079
 4881.000000 5.024106 4.826274
 4882.000000 6.930770 4.601320
 4883.000000 6.680418 4.060086
 4884.000000 5.958769 3.774159
 4885.000000 5.451211 4.097453
 4886.000000 4.826429 3.801180
 4887.000000 4.916080 4.276871
 4888.000000 5.126380 5.113658
 4889.000000 5.451609 4.751980
 4890.000000 5.140824 4.883545
 4891.000000 5.053567 3.553821
 4892.000000 5.195029 3.638865
 4893.000000 5.196386 3.662615
 4894.000000 6.223890 4.270837
 4895.000000 6.462030 4.441742
 4896.000000 6.709785 4.296251
 4897.000000 6.234117 4.127512
 4898.000000 6.132673 4.054082
 4899.000000 6.324917 4.055793
 4900.000000 6.070269 3.784674
 4901.000000 6.553181 3.783712
 4902.000000 6.814460 4.094584
 4903.000000 6.716186 3.857042
 4904.000000 5.981459 4.039941
 4905.000000 6.703254 3.801960
 4906.000000 6.973485 4.002095
 4907.000000 7.088668 3.822878
 4908.000000 6.927590 3.907525
 4909.000000 6.807452 4.150319
 4910.000000 7.761709 4.293068
 4911.000000 7.512074 4.582896
 4912.000000 8.039942 4.522095
 4913.000000 7.262041 3.481927
 4914.000000 7.102187 3.247540
 4915.000000 7.339214 3.718754
 4916.000000 7.184523 3.703946
 4917.000000 6.478704 3.898709
 4918.000000 7.104034 4.124539
 4919.000000 7.044658 3.850460
 4920.000000 7.553551 3.734640
 4921.000000 7.376843 3.448134
 4922.000000 7.289030 3.863421
 4923.000000 7.624609 4.399194
 4924.000000 7.851228 4.474737
 4925.000000 8.150764 4.101377
 4926.000000 7.876461 4.552474
 4927.000000 7.740395 4.952619
 4928.000000 7.074667 3.954151
 4929.000000 6.516307 3.351206
 4930.000000 7.200098 3.994252
 4931.000000 6.308578 3.348018
 4932.000000 6.420202 3.138633
 4933.000000 6.487974 3.737694
 4934.000000 6.713771 3.678660
 4935.000000 6.766461 3.608433
 4936.000000 7.128630 3.649804
 4937.000000 6.831952 3.313189
 4938.000000 6.699735 3.227408
 4939.000000 6.730437 3.959628
 4940.000000 6.498475 3.523318
 4941.000000 5.612893 3.648221
 4942.000000 6.018964 3.775192
 4943.000000 7.710000 3.333057
 4944.000000 7.951059 4.479214
 4945.000000 7.546951 4.308216
 4946.000000 7.596892 4.666765
 4947.000000 7.738477 3.794326
 4948.000000 7.920079 3.654906
 4949.000000 7.334227 3.636270
 4950.000000 8.082399 3.505160
 4951.000000 7.043921 2.772478
 4952.000000 7.706382 3.477601
 4953.000000 7.334469 4.067607
 4954.000000 7.593068 4.216803
 4955.000000 7.244925 4.157644
 4956.000000 7.743578 3.075466
 4957.000000 7.054749 3.480443
 4958.000000 8.055770 3.334348
 4959.000000 8.231333 3.244859
 4960.000000 8.142428 2.825670
 4961.000000 7.145529 2.658680
 4962.000000 8.165070 2.742337
 4963.000000 7.458147 2.343223
 4964.000000 7.547634 2.584955
 4965.000000 7.532665 2.783131
 4966.000000 7.902359 2.767742
 4967.000000 7.699079 2.721837
 4968.000000 6.839795 2.164390
 4969.000000 5.841344 1.161604
 4970.000000 6.954413 1.069516
 4971.000000 6.506384 0.917285
 4972.000000 6.932518 0.891021
 4973.000000 6.318372 0.743424
 4974.000000 6.528072 0.921527
 4975.000000 5.059440 0.704443
 4976.000000 5.373845 0.902988
 4977.000000 5.886565 0.976479
 4978.000000 5.830476 0.688302
 4979.000000 5.897132 0.821809
 4980.000000 6.107697 1.059198
 4981.000000 6.611573 1.761655
 4982.000000 7.390038 0.920100
 4983.000000 7.610867 1.047710
 4984.000000 7.576747 0.910610
 4985.000000 7.964221 1.004212
 4986.000000 8.044146 1.127476
 4987.000000 7.345398 1.025855
 4988.000000 7.985732 0.988084
 4989.000000 7.701183 0.781180
 4990.000000 7.399560 0.981720
 4991.000000 7.138965 1.098113
 4992.000000 7.853336 0.850000
 4993.000000 6.269276 0.948658
 4994.000000 5.800896 1.063368
 4995.000000 7.404123 1.275019
 4996.000000 7.580367 2.220482
 4997.000000 6.807501 2.261282
 4998.000000 6.820002 2.020137
 4999.000000 7.048933 1.859665
